size_class,social_group,district_name,district_code,state_name,state_code,total_holdings_no,total_holdings_area,gross_cropped_area_irrigated,gross_cropped_area_unirrigated,gross_cropped_area_total
ALL CLASSES,INSTITUTIONAL,ADILABAD,532,TELANGANA,37,58,537,76,197,273
ALL CLASSES,INSTITUTIONAL,NIZAMABAD,533,TELANGANA,37,72,755,373,13,385
ALL CLASSES,INSTITUTIONAL,KARIMNAGAR,534,TELANGANA,37,25,354,149,21,171
ALL CLASSES,INSTITUTIONAL,MEDAK,535,TELANGANA,37,184,2730,949,461,1411
ALL CLASSES,INSTITUTIONAL,RANGAREDDY,537,ANDHRA PRADESH,36,145,1092,281,124,405
ALL CLASSES,INSTITUTIONAL,MAHABUBNAGAR,538,TELANGANA,37,14,452,9,208,216
ALL CLASSES,INSTITUTIONAL,NALGONDA,539,TELANGANA,37,135,2235,555,387,942
ALL CLASSES,INSTITUTIONAL,WARANGAL,540,TELANGANA,37,7,76,4,34,38
ALL CLASSES,INSTITUTIONAL,KHAMMAM,541,TELANGANA,37,160,2186,538,464,1001
ALL CLASSES,INSTITUTIONAL,SRIKAKULAM,542,ANDHRA PRADESH,36,508,4033,1754,1142,2896
ALL CLASSES,INSTITUTIONAL,VIZIANAGARAM,543,ANDHRA PRADESH,36,107,1363,341,478,819
ALL CLASSES,INSTITUTIONAL,VISAKHAPATNAM,544,ANDHRA PRADESH,36,211,1483,514,457,971
ALL CLASSES,INSTITUTIONAL,EAST GODAVARI,545,ANDHRA PRADESH,36,836,3912,2576,730,3306
ALL CLASSES,INSTITUTIONAL,WEST GODAVARI,546,ANDHRA PRADESH,36,776,3446,3213,41,3254
ALL CLASSES,INSTITUTIONAL,KRISHNA,547,ANDHRA PRADESH,36,25,180,24,54,78
ALL CLASSES,INSTITUTIONAL,GUNTUR,548,ANDHRA PRADESH,36,759,8025,3986,1869,5855
ALL CLASSES,INSTITUTIONAL,PRAKASAM,549,ANDHRA PRADESH,36,168,2040,152,875,1027
ALL CLASSES,INSTITUTIONAL,NELLORE,550,ANDHRA PRADESH,36,666,6792,2701,1480,4181
ALL CLASSES,INSTITUTIONAL,KADAPA,551,ANDHRA PRADESH,36,18,619,296,21,316
ALL CLASSES,INSTITUTIONAL,KURNOOL,552,ANDHRA PRADESH,36,53,1619,153,732,885
ALL CLASSES,INSTITUTIONAL,ANANTHAPUR,553,ANDHRA PRADESH,36,714,5821,160,3801,3961
ALL CLASSES,INSTITUTIONAL,CHITTOOR,554,ANDHRA PRADESH,36,45,2173,689,298,987
ALL CLASSES,SCHEDULED CASTE,ADILABAD,532,TELANGANA,37,80294,90599,10236,69978,80213
ALL CLASSES,SCHEDULED CASTE,NIZAMABAD,533,TELANGANA,37,62591,42530,36097,20967,57064
ALL CLASSES,SCHEDULED CASTE,KARIMNAGAR,534,TELANGANA,37,96579,61893,46017,17582,63599
ALL CLASSES,SCHEDULED CASTE,MEDAK,535,TELANGANA,37,107702,74873,19517,44695,64211
ALL CLASSES,SCHEDULED CASTE,RANGAREDDY,537,ANDHRA PRADESH,36,53045,48481,6660,22491,29152
ALL CLASSES,SCHEDULED CASTE,MAHABUBNAGAR,538,TELANGANA,37,129514,117957,23562,78020,101583
ALL CLASSES,SCHEDULED CASTE,NALGONDA,539,TELANGANA,37,87125,63174,28805,22452,51257
ALL CLASSES,SCHEDULED CASTE,WARANGAL,540,TELANGANA,37,82212,58348,32804,20179,52983
ALL CLASSES,SCHEDULED CASTE,KHAMMAM,541,TELANGANA,37,44552,29710,16858,13641,30499
ALL CLASSES,SCHEDULED CASTE,SRIKAKULAM,542,ANDHRA PRADESH,36,27487,10620,6470,6358,12827
ALL CLASSES,SCHEDULED CASTE,VIZIANAGARAM,543,ANDHRA PRADESH,36,21930,11574,5014,6809,11824
ALL CLASSES,SCHEDULED CASTE,VISAKHAPATNAM,544,ANDHRA PRADESH,36,10462,6143,3216,2770,5986
ALL CLASSES,SCHEDULED CASTE,EAST GODAVARI,545,ANDHRA PRADESH,36,62363,22626,21626,10150,31776
ALL CLASSES,SCHEDULED CASTE,WEST GODAVARI,546,ANDHRA PRADESH,36,48177,25490,32264,1350,33614
ALL CLASSES,SCHEDULED CASTE,KRISHNA,547,ANDHRA PRADESH,36,50842,27140,20084,14933,35017
ALL CLASSES,SCHEDULED CASTE,GUNTUR,548,ANDHRA PRADESH,36,53256,31070,22779,12623,35402
ALL CLASSES,SCHEDULED CASTE,PRAKASAM,549,ANDHRA PRADESH,36,73059,62154,15588,34674,50261
ALL CLASSES,SCHEDULED CASTE,NELLORE,550,ANDHRA PRADESH,36,88661,53277,41783,9862,51645
ALL CLASSES,SCHEDULED CASTE,KADAPA,551,ANDHRA PRADESH,36,39525,31556,13075,12265,25340
ALL CLASSES,SCHEDULED CASTE,KURNOOL,552,ANDHRA PRADESH,36,76496,86874,21761,59797,81558
ALL CLASSES,SCHEDULED CASTE,ANANTHAPUR,553,ANDHRA PRADESH,36,71518,88061,9094,70129,79223
ALL CLASSES,SCHEDULED CASTE,CHITTOOR,554,ANDHRA PRADESH,36,89262,56346,19358,20801,40159
ALL CLASSES,OTHERS,ADILABAD,532,TELANGANA,37,328303,450198,68646,346062,414707
ALL CLASSES,OTHERS,NIZAMABAD,533,TELANGANA,37,371883,357578,307357,169154,476511
ALL CLASSES,OTHERS,KARIMNAGAR,534,TELANGANA,37,546409,559792,462356,118957,581313
ALL CLASSES,OTHERS,MEDAK,535,TELANGANA,37,541557,548966,176474,285349,461823
ALL CLASSES,OTHERS,RANGAREDDY,537,ANDHRA PRADESH,36,259983,337733,65014,117101,182115
ALL CLASSES,OTHERS,MAHABUBNAGAR,538,TELANGANA,37,761838,988683,261584,573503,835088
ALL CLASSES,OTHERS,NALGONDA,539,TELANGANA,37,585344,754808,414130,256109,670239
ALL CLASSES,OTHERS,WARANGAL,540,TELANGANA,37,474526,506312,326888,147541,474429
ALL CLASSES,OTHERS,KHAMMAM,541,TELANGANA,37,267298,324091,212621,146068,358689
ALL CLASSES,OTHERS,SRIKAKULAM,542,ANDHRA PRADESH,36,461825,307914,248757,172654,421410
ALL CLASSES,OTHERS,VIZIANAGARAM,543,ANDHRA PRADESH,36,385619,292697,154310,162840,317150
ALL CLASSES,OTHERS,VISAKHAPATNAM,544,ANDHRA PRADESH,36,355558,218042,132151,96931,229082
ALL CLASSES,OTHERS,EAST GODAVARI,545,ANDHRA PRADESH,36,591563,393393,446976,148387,595362
ALL CLASSES,OTHERS,WEST GODAVARI,546,ANDHRA PRADESH,36,496068,416957,629038,23088,652126
ALL CLASSES,OTHERS,KRISHNA,547,ANDHRA PRADESH,36,488069,471806,408702,276043,684745
ALL CLASSES,OTHERS,GUNTUR,548,ANDHRA PRADESH,36,685605,643418,512752,283751,796503
ALL CLASSES,OTHERS,PRAKASAM,549,ANDHRA PRADESH,36,583508,770930,209698,465486,675184
ALL CLASSES,OTHERS,NELLORE,550,ANDHRA PRADESH,36,342982,404532,330598,95529,426127
ALL CLASSES,OTHERS,KADAPA,551,ANDHRA PRADESH,36,393236,502650,172101,294390,466491
ALL CLASSES,OTHERS,KURNOOL,552,ANDHRA PRADESH,36,544022,945171,228503,674297,902800
ALL CLASSES,OTHERS,ANANTHAPUR,553,ANDHRA PRADESH,36,626250,1141597,172204,869651,1041854
ALL CLASSES,OTHERS,CHITTOOR,554,ANDHRA PRADESH,36,561836,555463,181972,211140,393112
ALL CLASSES,SCHEDULED TRIBES,ADILABAD,532,TELANGANA,37,111340,187245,6967,149137,156105
ALL CLASSES,SCHEDULED TRIBES,NIZAMABAD,533,TELANGANA,37,38982,33612,30077,15273,45350
ALL CLASSES,SCHEDULED TRIBES,KARIMNAGAR,534,TELANGANA,37,19332,16651,10022,5192,15214
ALL CLASSES,SCHEDULED TRIBES,MEDAK,535,TELANGANA,37,35100,36362,9778,22102,31880
ALL CLASSES,SCHEDULED TRIBES,RANGAREDDY,537,ANDHRA PRADESH,36,29498,32328,8142,13847,21989
ALL CLASSES,SCHEDULED TRIBES,MAHABUBNAGAR,538,TELANGANA,37,90948,97770,18977,61042,80019
ALL CLASSES,SCHEDULED TRIBES,NALGONDA,539,TELANGANA,37,84584,84019,35936,32576,68512
ALL CLASSES,SCHEDULED TRIBES,WARANGAL,540,TELANGANA,37,106316,102576,67363,35058,102422
ALL CLASSES,SCHEDULED TRIBES,KHAMMAM,541,TELANGANA,37,156327,180118,56179,114726,170905
ALL CLASSES,SCHEDULED TRIBES,SRIKAKULAM,542,ANDHRA PRADESH,36,36050,26845,8146,14769,22915
ALL CLASSES,SCHEDULED TRIBES,VIZIANAGARAM,543,ANDHRA PRADESH,36,39185,36850,7693,27879,35571
ALL CLASSES,SCHEDULED TRIBES,VISAKHAPATNAM,544,ANDHRA PRADESH,36,108507,174416,45057,103917,148974
ALL CLASSES,SCHEDULED TRIBES,EAST GODAVARI,545,ANDHRA PRADESH,36,43952,81435,22233,22023,44256
ALL CLASSES,SCHEDULED TRIBES,WEST GODAVARI,546,ANDHRA PRADESH,36,20810,24157,17928,6695,24622
ALL CLASSES,SCHEDULED TRIBES,KRISHNA,547,ANDHRA PRADESH,36,12631,9287,4138,4646,8784
ALL CLASSES,SCHEDULED TRIBES,GUNTUR,548,ANDHRA PRADESH,36,21028,18891,12069,6791,18861
ALL CLASSES,SCHEDULED TRIBES,PRAKASAM,549,ANDHRA PRADESH,36,13818,12384,4424,5569,9993
ALL CLASSES,SCHEDULED TRIBES,NELLORE,550,ANDHRA PRADESH,36,24706,14318,11587,2626,14213
ALL CLASSES,SCHEDULED TRIBES,KADAPA,551,ANDHRA PRADESH,36,8527,7573,2187,3109,5296
ALL CLASSES,SCHEDULED TRIBES,KURNOOL,552,ANDHRA PRADESH,36,12331,16423,3336,10590,13926
ALL CLASSES,SCHEDULED TRIBES,ANANTHAPUR,553,ANDHRA PRADESH,36,29469,42531,5007,33691,38698
ALL CLASSES,SCHEDULED TRIBES,CHITTOOR,554,ANDHRA PRADESH,36,16039,12322,3421,5190,8611
ALL CLASSES,ALL SOCIAL GROUPS,ADILABAD,532,TELANGANA,37,519995,728579,85925,565374,651299
ALL CLASSES,ALL SOCIAL GROUPS,NIZAMABAD,533,TELANGANA,37,473528,434476,373903,205407,579310
ALL CLASSES,ALL SOCIAL GROUPS,KARIMNAGAR,534,TELANGANA,37,662345,638690,518545,141753,660297
ALL CLASSES,ALL SOCIAL GROUPS,MEDAK,535,TELANGANA,37,684543,662932,206718,352607,559325
ALL CLASSES,ALL SOCIAL GROUPS,RANGAREDDY,537,ANDHRA PRADESH,36,342671,419634,80097,153564,233661
ALL CLASSES,ALL SOCIAL GROUPS,MAHABUBNAGAR,538,TELANGANA,37,982314,1204862,304133,712773,1016906
ALL CLASSES,ALL SOCIAL GROUPS,NALGONDA,539,TELANGANA,37,757188,904236,479426,311525,790951
ALL CLASSES,ALL SOCIAL GROUPS,WARANGAL,540,TELANGANA,37,663061,667311,427059,202812,629872
ALL CLASSES,ALL SOCIAL GROUPS,KHAMMAM,541,TELANGANA,37,468337,536105,286195,274898,561094
ALL CLASSES,ALL SOCIAL GROUPS,SRIKAKULAM,542,ANDHRA PRADESH,36,525870,349412,265126,194922,460048
ALL CLASSES,ALL SOCIAL GROUPS,VIZIANAGARAM,543,ANDHRA PRADESH,36,446841,342484,167358,198006,365364
ALL CLASSES,ALL SOCIAL GROUPS,VISAKHAPATNAM,544,ANDHRA PRADESH,36,474738,400083,180938,204075,385013
ALL CLASSES,ALL SOCIAL GROUPS,EAST GODAVARI,545,ANDHRA PRADESH,36,698714,501366,493411,181289,674700
ALL CLASSES,ALL SOCIAL GROUPS,WEST GODAVARI,546,ANDHRA PRADESH,36,565831,470051,682442,31174,713616
ALL CLASSES,ALL SOCIAL GROUPS,KRISHNA,547,ANDHRA PRADESH,36,551567,508413,432948,295676,728624
ALL CLASSES,ALL SOCIAL GROUPS,GUNTUR,548,ANDHRA PRADESH,36,760648,701404,551587,305034,856621
ALL CLASSES,ALL SOCIAL GROUPS,PRAKASAM,549,ANDHRA PRADESH,36,670553,847508,229861,506604,736465
ALL CLASSES,ALL SOCIAL GROUPS,NELLORE,550,ANDHRA PRADESH,36,457015,478919,386668,109497,496165
ALL CLASSES,ALL SOCIAL GROUPS,KADAPA,551,ANDHRA PRADESH,36,441306,542399,187658,309785,497444
ALL CLASSES,ALL SOCIAL GROUPS,KURNOOL,552,ANDHRA PRADESH,36,632902,1050086,253753,745416,999168
ALL CLASSES,ALL SOCIAL GROUPS,ANANTHAPUR,553,ANDHRA PRADESH,36,727951,1278010,186464,977272,1163737
ALL CLASSES,ALL SOCIAL GROUPS,CHITTOOR,554,ANDHRA PRADESH,36,667182,626306,205440,237429,442869
20.0 & ABOVE,INSTITUTIONAL,ADILABAD,532,TELANGANA,37,6,392,61,136,196
20.0 & ABOVE,INSTITUTIONAL,NIZAMABAD,533,TELANGANA,37,10,526,263,0,263
20.0 & ABOVE,INSTITUTIONAL,KARIMNAGAR,534,TELANGANA,37,4,268,116,12,128
20.0 & ABOVE,INSTITUTIONAL,MEDAK,535,TELANGANA,37,16,2011,813,266,1079
20.0 & ABOVE,INSTITUTIONAL,RANGAREDDY,537,ANDHRA PRADESH,36,10,318,86,32,118
20.0 & ABOVE,INSTITUTIONAL,MAHABUBNAGAR,538,TELANGANA,37,4,377,0,189,189
20.0 & ABOVE,INSTITUTIONAL,NALGONDA,539,TELANGANA,37,30,1778,358,285,642
20.0 & ABOVE,INSTITUTIONAL,WARANGAL,540,TELANGANA,37,1,65,0,33,33
20.0 & ABOVE,INSTITUTIONAL,KHAMMAM,541,TELANGANA,37,12,1510,239,311,550
20.0 & ABOVE,INSTITUTIONAL,SRIKAKULAM,542,ANDHRA PRADESH,36,41,2149,676,655,1331
20.0 & ABOVE,INSTITUTIONAL,VIZIANAGARAM,543,ANDHRA PRADESH,36,17,757,170,265,435
20.0 & ABOVE,INSTITUTIONAL,VISAKHAPATNAM,544,ANDHRA PRADESH,36,10,867,286,295,581
20.0 & ABOVE,INSTITUTIONAL,EAST GODAVARI,545,ANDHRA PRADESH,36,43,1973,898,454,1352
20.0 & ABOVE,INSTITUTIONAL,WEST GODAVARI,546,ANDHRA PRADESH,36,26,911,593,0,593
20.0 & ABOVE,INSTITUTIONAL,KRISHNA,547,ANDHRA PRADESH,36,3,92,0,22,22
20.0 & ABOVE,INSTITUTIONAL,GUNTUR,548,ANDHRA PRADESH,36,72,4341,2489,604,3093
20.0 & ABOVE,INSTITUTIONAL,PRAKASAM,549,ANDHRA PRADESH,36,31,1347,97,539,636
20.0 & ABOVE,INSTITUTIONAL,NELLORE,550,ANDHRA PRADESH,36,78,4446,1266,1219,2485
20.0 & ABOVE,INSTITUTIONAL,KADAPA,551,ANDHRA PRADESH,36,5,581,291,0,291
20.0 & ABOVE,INSTITUTIONAL,KURNOOL,552,ANDHRA PRADESH,36,15,1354,48,689,738
20.0 & ABOVE,INSTITUTIONAL,ANANTHAPUR,553,ANDHRA PRADESH,36,42,2714,14,1406,1420
20.0 & ABOVE,INSTITUTIONAL,CHITTOOR,554,ANDHRA PRADESH,36,16,1953,665,218,883
20.0 & ABOVE,SCHEDULED CASTE,ADILABAD,532,TELANGANA,37,17,599,21,471,493
20.0 & ABOVE,SCHEDULED CASTE,NIZAMABAD,533,TELANGANA,37,0,0,0,0,0
20.0 & ABOVE,SCHEDULED CASTE,KARIMNAGAR,534,TELANGANA,37,8,200,54,46,100
20.0 & ABOVE,SCHEDULED CASTE,MEDAK,535,TELANGANA,37,6,221,2,186,188
20.0 & ABOVE,SCHEDULED CASTE,RANGAREDDY,537,ANDHRA PRADESH,36,8,242,12,81,93
20.0 & ABOVE,SCHEDULED CASTE,MAHABUBNAGAR,538,TELANGANA,37,18,660,32,386,418
20.0 & ABOVE,SCHEDULED CASTE,NALGONDA,539,TELANGANA,37,3,89,34,0,34
20.0 & ABOVE,SCHEDULED CASTE,WARANGAL,540,TELANGANA,37,36,1502,343,624,968
20.0 & ABOVE,SCHEDULED CASTE,KHAMMAM,541,TELANGANA,37,4,173,62,25,87
20.0 & ABOVE,SCHEDULED CASTE,SRIKAKULAM,542,ANDHRA PRADESH,36,1,43,21,0,21
20.0 & ABOVE,SCHEDULED CASTE,VIZIANAGARAM,543,ANDHRA PRADESH,36,0,0,0,0,0
20.0 & ABOVE,SCHEDULED CASTE,VISAKHAPATNAM,544,ANDHRA PRADESH,36,0,0,0,0,0
20.0 & ABOVE,SCHEDULED CASTE,EAST GODAVARI,545,ANDHRA PRADESH,36,2,41,21,0,21
20.0 & ABOVE,SCHEDULED CASTE,WEST GODAVARI,546,ANDHRA PRADESH,36,2,62,14,18,31
20.0 & ABOVE,SCHEDULED CASTE,KRISHNA,547,ANDHRA PRADESH,36,10,298,86,63,149
20.0 & ABOVE,SCHEDULED CASTE,GUNTUR,548,ANDHRA PRADESH,36,7,147,74,0,74
20.0 & ABOVE,SCHEDULED CASTE,PRAKASAM,549,ANDHRA PRADESH,36,6,183,31,60,91
20.0 & ABOVE,SCHEDULED CASTE,NELLORE,550,ANDHRA PRADESH,36,1,27,14,0,14
20.0 & ABOVE,SCHEDULED CASTE,KADAPA,551,ANDHRA PRADESH,36,1,24,0,12,12
20.0 & ABOVE,SCHEDULED CASTE,KURNOOL,552,ANDHRA PRADESH,36,9,351,23,192,215
20.0 & ABOVE,SCHEDULED CASTE,ANANTHAPUR,553,ANDHRA PRADESH,36,11,286,0,143,143
20.0 & ABOVE,SCHEDULED CASTE,CHITTOOR,554,ANDHRA PRADESH,36,9,314,89,100,189
20.0 & ABOVE,OTHERS,ADILABAD,532,TELANGANA,37,234,8200,389,4446,4835
20.0 & ABOVE,OTHERS,NIZAMABAD,533,TELANGANA,37,35,999,285,183,468
20.0 & ABOVE,OTHERS,KARIMNAGAR,534,TELANGANA,37,131,4390,1853,371,2224
20.0 & ABOVE,OTHERS,MEDAK,535,TELANGANA,37,215,6419,1093,2696,3788
20.0 & ABOVE,OTHERS,RANGAREDDY,537,ANDHRA PRADESH,36,149,4313,715,922,1637
20.0 & ABOVE,OTHERS,MAHABUBNAGAR,538,TELANGANA,37,341,10275,1380,3018,4397
20.0 & ABOVE,OTHERS,NALGONDA,539,TELANGANA,37,159,5109,1348,1246,2595
20.0 & ABOVE,OTHERS,WARANGAL,540,TELANGANA,37,287,9234,1508,4882,6390
20.0 & ABOVE,OTHERS,KHAMMAM,541,TELANGANA,37,159,6578,2089,3268,5357
20.0 & ABOVE,OTHERS,SRIKAKULAM,542,ANDHRA PRADESH,36,57,2182,1007,311,1318
20.0 & ABOVE,OTHERS,VIZIANAGARAM,543,ANDHRA PRADESH,36,79,2539,755,695,1450
20.0 & ABOVE,OTHERS,VISAKHAPATNAM,544,ANDHRA PRADESH,36,31,942,451,153,604
20.0 & ABOVE,OTHERS,EAST GODAVARI,545,ANDHRA PRADESH,36,64,1887,595,475,1070
20.0 & ABOVE,OTHERS,WEST GODAVARI,546,ANDHRA PRADESH,36,48,1659,970,272,1242
20.0 & ABOVE,OTHERS,KRISHNA,547,ANDHRA PRADESH,36,59,1884,804,481,1285
20.0 & ABOVE,OTHERS,GUNTUR,548,ANDHRA PRADESH,36,38,1206,374,229,603
20.0 & ABOVE,OTHERS,PRAKASAM,549,ANDHRA PRADESH,36,151,4347,450,1691,2141
20.0 & ABOVE,OTHERS,NELLORE,550,ANDHRA PRADESH,36,157,4883,1359,1138,2497
20.0 & ABOVE,OTHERS,KADAPA,551,ANDHRA PRADESH,36,43,1709,313,537,850
20.0 & ABOVE,OTHERS,KURNOOL,552,ANDHRA PRADESH,36,235,8707,885,5286,6171
20.0 & ABOVE,OTHERS,ANANTHAPUR,553,ANDHRA PRADESH,36,367,11401,1235,7573,8808
20.0 & ABOVE,OTHERS,CHITTOOR,554,ANDHRA PRADESH,36,123,3571,375,1397,1772
20.0 & ABOVE,SCHEDULED TRIBES,ADILABAD,532,TELANGANA,37,93,2715,16,602,618
20.0 & ABOVE,SCHEDULED TRIBES,NIZAMABAD,533,TELANGANA,37,2,67,33,0,33
20.0 & ABOVE,SCHEDULED TRIBES,KARIMNAGAR,534,TELANGANA,37,3,92,25,21,46
20.0 & ABOVE,SCHEDULED TRIBES,MEDAK,535,TELANGANA,37,3,113,0,57,57
20.0 & ABOVE,SCHEDULED TRIBES,RANGAREDDY,537,ANDHRA PRADESH,36,8,253,26,87,113
20.0 & ABOVE,SCHEDULED TRIBES,MAHABUBNAGAR,538,TELANGANA,37,16,622,137,146,283
20.0 & ABOVE,SCHEDULED TRIBES,NALGONDA,539,TELANGANA,37,3,89,1,38,40
20.0 & ABOVE,SCHEDULED TRIBES,WARANGAL,540,TELANGANA,37,23,627,130,294,424
20.0 & ABOVE,SCHEDULED TRIBES,KHAMMAM,541,TELANGANA,37,37,999,454,122,576
20.0 & ABOVE,SCHEDULED TRIBES,SRIKAKULAM,542,ANDHRA PRADESH,36,1,21,0,10,10
20.0 & ABOVE,SCHEDULED TRIBES,VIZIANAGARAM,543,ANDHRA PRADESH,36,3,67,6,38,44
20.0 & ABOVE,SCHEDULED TRIBES,VISAKHAPATNAM,544,ANDHRA PRADESH,36,42,1049,140,424,564
20.0 & ABOVE,SCHEDULED TRIBES,EAST GODAVARI,545,ANDHRA PRADESH,36,25,664,144,101,246
20.0 & ABOVE,SCHEDULED TRIBES,WEST GODAVARI,546,ANDHRA PRADESH,36,4,406,608,0,608
20.0 & ABOVE,SCHEDULED TRIBES,KRISHNA,547,ANDHRA PRADESH,36,0,0,0,0,0
20.0 & ABOVE,SCHEDULED TRIBES,GUNTUR,548,ANDHRA PRADESH,36,0,0,0,0,0
20.0 & ABOVE,SCHEDULED TRIBES,PRAKASAM,549,ANDHRA PRADESH,36,0,0,0,0,0
20.0 & ABOVE,SCHEDULED TRIBES,NELLORE,550,ANDHRA PRADESH,36,2,63,31,0,31
20.0 & ABOVE,SCHEDULED TRIBES,KADAPA,551,ANDHRA PRADESH,36,1,41,0,0,0
20.0 & ABOVE,SCHEDULED TRIBES,KURNOOL,552,ANDHRA PRADESH,36,2,58,0,29,29
20.0 & ABOVE,SCHEDULED TRIBES,ANANTHAPUR,553,ANDHRA PRADESH,36,4,103,10,65,75
20.0 & ABOVE,SCHEDULED TRIBES,CHITTOOR,554,ANDHRA PRADESH,36,0,0,0,0,0
20.0 & ABOVE,ALL SOCIAL GROUPS,ADILABAD,532,TELANGANA,37,350,11906,487,5655,6142
20.0 & ABOVE,ALL SOCIAL GROUPS,NIZAMABAD,533,TELANGANA,37,47,1591,581,183,764
20.0 & ABOVE,ALL SOCIAL GROUPS,KARIMNAGAR,534,TELANGANA,37,146,4950,2048,450,2499
20.0 & ABOVE,ALL SOCIAL GROUPS,MEDAK,535,TELANGANA,37,240,8764,1908,3204,5112
20.0 & ABOVE,ALL SOCIAL GROUPS,RANGAREDDY,537,ANDHRA PRADESH,36,175,5127,839,1123,1962
20.0 & ABOVE,ALL SOCIAL GROUPS,MAHABUBNAGAR,538,TELANGANA,37,379,11934,1549,3738,5286
20.0 & ABOVE,ALL SOCIAL GROUPS,NALGONDA,539,TELANGANA,37,195,7065,1741,1569,3311
20.0 & ABOVE,ALL SOCIAL GROUPS,WARANGAL,540,TELANGANA,37,347,11428,1981,5833,7814
20.0 & ABOVE,ALL SOCIAL GROUPS,KHAMMAM,541,TELANGANA,37,212,9260,2843,3727,6570
20.0 & ABOVE,ALL SOCIAL GROUPS,SRIKAKULAM,542,ANDHRA PRADESH,36,100,4395,1704,976,2680
20.0 & ABOVE,ALL SOCIAL GROUPS,VIZIANAGARAM,543,ANDHRA PRADESH,36,99,3363,930,998,1929
20.0 & ABOVE,ALL SOCIAL GROUPS,VISAKHAPATNAM,544,ANDHRA PRADESH,36,83,2857,877,871,1749
20.0 & ABOVE,ALL SOCIAL GROUPS,EAST GODAVARI,545,ANDHRA PRADESH,36,134,4565,1658,1031,2688
20.0 & ABOVE,ALL SOCIAL GROUPS,WEST GODAVARI,546,ANDHRA PRADESH,36,80,3038,2184,290,2474
20.0 & ABOVE,ALL SOCIAL GROUPS,KRISHNA,547,ANDHRA PRADESH,36,72,2274,890,566,1456
20.0 & ABOVE,ALL SOCIAL GROUPS,GUNTUR,548,ANDHRA PRADESH,36,117,5694,2937,833,3770
20.0 & ABOVE,ALL SOCIAL GROUPS,PRAKASAM,549,ANDHRA PRADESH,36,188,5877,578,2290,2868
20.0 & ABOVE,ALL SOCIAL GROUPS,NELLORE,550,ANDHRA PRADESH,36,238,9420,2670,2357,5027
20.0 & ABOVE,ALL SOCIAL GROUPS,KADAPA,551,ANDHRA PRADESH,36,50,2355,604,549,1153
20.0 & ABOVE,ALL SOCIAL GROUPS,KURNOOL,552,ANDHRA PRADESH,36,261,10470,957,6197,7153
20.0 & ABOVE,ALL SOCIAL GROUPS,ANANTHAPUR,553,ANDHRA PRADESH,36,424,14504,1259,9187,10446
20.0 & ABOVE,ALL SOCIAL GROUPS,CHITTOOR,554,ANDHRA PRADESH,36,148,5839,1129,1715,2844
Below 0.5,INSTITUTIONAL,ADILABAD,532,TELANGANA,37,14,4,0,1,2
Below 0.5,INSTITUTIONAL,NIZAMABAD,533,TELANGANA,37,15,4,1,0,1
Below 0.5,INSTITUTIONAL,KARIMNAGAR,534,TELANGANA,37,1,0,0,0,0
Below 0.5,INSTITUTIONAL,MEDAK,535,TELANGANA,37,23,9,2,2,5
Below 0.5,INSTITUTIONAL,RANGAREDDY,537,ANDHRA PRADESH,36,3,1,0,0,0
Below 0.5,INSTITUTIONAL,MAHABUBNAGAR,538,TELANGANA,37,1,0,0,0,0
Below 0.5,INSTITUTIONAL,NALGONDA,539,TELANGANA,37,25,6,3,1,4
Below 0.5,INSTITUTIONAL,WARANGAL,540,TELANGANA,37,2,1,0,0,0
Below 0.5,INSTITUTIONAL,KHAMMAM,541,TELANGANA,37,9,3,2,1,3
Below 0.5,INSTITUTIONAL,SRIKAKULAM,542,ANDHRA PRADESH,36,41,15,10,5,16
Below 0.5,INSTITUTIONAL,VIZIANAGARAM,543,ANDHRA PRADESH,36,4,1,0,0,1
Below 0.5,INSTITUTIONAL,VISAKHAPATNAM,544,ANDHRA PRADESH,36,52,14,8,2,9
Below 0.5,INSTITUTIONAL,EAST GODAVARI,545,ANDHRA PRADESH,36,256,60,78,7,86
Below 0.5,INSTITUTIONAL,WEST GODAVARI,546,ANDHRA PRADESH,36,143,41,60,1,61
Below 0.5,INSTITUTIONAL,KRISHNA,547,ANDHRA PRADESH,36,7,2,0,1,1
Below 0.5,INSTITUTIONAL,GUNTUR,548,ANDHRA PRADESH,36,16,4,3,2,5
Below 0.5,INSTITUTIONAL,PRAKASAM,549,ANDHRA PRADESH,36,8,3,0,1,1
Below 0.5,INSTITUTIONAL,NELLORE,550,ANDHRA PRADESH,36,37,9,10,0,10
Below 0.5,INSTITUTIONAL,KADAPA,551,ANDHRA PRADESH,36,2,0,0,0,0
Below 0.5,INSTITUTIONAL,KURNOOL,552,ANDHRA PRADESH,36,0,0,0,0,0
Below 0.5,INSTITUTIONAL,ANANTHAPUR,553,ANDHRA PRADESH,36,74,23,1,14,15
Below 0.5,INSTITUTIONAL,CHITTOOR,554,ANDHRA PRADESH,36,0,0,0,0,0
Below 0.5,SCHEDULED CASTE,ADILABAD,532,TELANGANA,37,27860,7194,1568,4759,6327
Below 0.5,SCHEDULED CASTE,NIZAMABAD,533,TELANGANA,37,32389,9171,8604,3303,11907
Below 0.5,SCHEDULED CASTE,KARIMNAGAR,534,TELANGANA,37,53893,13581,9649,3759,13408
Below 0.5,SCHEDULED CASTE,MEDAK,535,TELANGANA,37,54402,13355,2940,7691,10631
Below 0.5,SCHEDULED CASTE,RANGAREDDY,537,ANDHRA PRADESH,36,20453,5653,874,1957,2831
Below 0.5,SCHEDULED CASTE,MAHABUBNAGAR,538,TELANGANA,37,52850,13806,2398,8093,10491
Below 0.5,SCHEDULED CASTE,NALGONDA,539,TELANGANA,37,44621,11269,6214,2792,9006
Below 0.5,SCHEDULED CASTE,WARANGAL,540,TELANGANA,37,46586,11541,5968,4234,10202
Below 0.5,SCHEDULED CASTE,KHAMMAM,541,TELANGANA,37,25926,6764,4368,2749,7117
Below 0.5,SCHEDULED CASTE,SRIKAKULAM,542,ANDHRA PRADESH,36,20820,4478,3091,2835,5926
Below 0.5,SCHEDULED CASTE,VIZIANAGARAM,543,ANDHRA PRADESH,36,14612,3369,1568,2258,3827
Below 0.5,SCHEDULED CASTE,VISAKHAPATNAM,544,ANDHRA PRADESH,36,6496,1686,1061,741,1803
Below 0.5,SCHEDULED CASTE,EAST GODAVARI,545,ANDHRA PRADESH,36,50970,10531,11324,4763,16087
Below 0.5,SCHEDULED CASTE,WEST GODAVARI,546,ANDHRA PRADESH,36,32978,8154,11053,562,11616
Below 0.5,SCHEDULED CASTE,KRISHNA,547,ANDHRA PRADESH,36,34744,8463,7096,4853,11950
Below 0.5,SCHEDULED CASTE,GUNTUR,548,ANDHRA PRADESH,36,34152,9038,6942,4435,11376
Below 0.5,SCHEDULED CASTE,PRAKASAM,549,ANDHRA PRADESH,36,33565,9327,2467,5548,8015
Below 0.5,SCHEDULED CASTE,NELLORE,550,ANDHRA PRADESH,36,52898,13439,12236,1469,13705
Below 0.5,SCHEDULED CASTE,KADAPA,551,ANDHRA PRADESH,36,15238,4442,2283,1097,3381
Below 0.5,SCHEDULED CASTE,KURNOOL,552,ANDHRA PRADESH,36,21154,6841,3297,3684,6981
Below 0.5,SCHEDULED CASTE,ANANTHAPUR,553,ANDHRA PRADESH,36,15192,4823,696,3605,4302
Below 0.5,SCHEDULED CASTE,CHITTOOR,554,ANDHRA PRADESH,36,48943,12497,4409,4250,8658
Below 0.5,OTHERS,ADILABAD,532,TELANGANA,37,97929,25117,6790,16043,22833
Below 0.5,OTHERS,NIZAMABAD,533,TELANGANA,37,143661,38735,33315,14075,47390
Below 0.5,OTHERS,KARIMNAGAR,534,TELANGANA,37,212595,55466,40089,14147,54236
Below 0.5,OTHERS,MEDAK,535,TELANGANA,37,224181,54025,14594,27146,41740
Below 0.5,OTHERS,RANGAREDDY,537,ANDHRA PRADESH,36,78342,22304,5157,6272,11429
Below 0.5,OTHERS,MAHABUBNAGAR,538,TELANGANA,37,242235,61655,12610,32673,45283
Below 0.5,OTHERS,NALGONDA,539,TELANGANA,37,182175,49350,30735,11361,42097
Below 0.5,OTHERS,WARANGAL,540,TELANGANA,37,192585,47874,29271,14983,44254
Below 0.5,OTHERS,KHAMMAM,541,TELANGANA,37,92362,26551,18677,9709,28386
Below 0.5,OTHERS,SRIKAKULAM,542,ANDHRA PRADESH,36,270668,63781,47664,35327,82990
Below 0.5,OTHERS,VIZIANAGARAM,543,ANDHRA PRADESH,36,213638,48037,29308,27928,57236
Below 0.5,OTHERS,VISAKHAPATNAM,544,ANDHRA PRADESH,36,219266,51993,34832,20458,55290
Below 0.5,OTHERS,EAST GODAVARI,545,ANDHRA PRADESH,36,360241,89144,111917,29797,141714
Below 0.5,OTHERS,WEST GODAVARI,546,ANDHRA PRADESH,36,257762,69196,109019,2982,112001
Below 0.5,OTHERS,KRISHNA,547,ANDHRA PRADESH,36,215688,61230,60677,34612,95289
Below 0.5,OTHERS,GUNTUR,548,ANDHRA PRADESH,36,283640,84223,69467,40575,110041
Below 0.5,OTHERS,PRAKASAM,549,ANDHRA PRADESH,36,175366,50662,14933,31379,46312
Below 0.5,OTHERS,NELLORE,550,ANDHRA PRADESH,36,130240,34378,32738,4055,36793
Below 0.5,OTHERS,KADAPA,551,ANDHRA PRADESH,36,105204,29988,16380,9022,25403
Below 0.5,OTHERS,KURNOOL,552,ANDHRA PRADESH,36,99234,31717,14577,17441,32019
Below 0.5,OTHERS,ANANTHAPUR,553,ANDHRA PRADESH,36,88872,27405,4801,19434,24236
Below 0.5,OTHERS,CHITTOOR,554,ANDHRA PRADESH,36,222355,57027,16933,20937,37870
Below 0.5,SCHEDULED TRIBES,ADILABAD,532,TELANGANA,37,18221,5142,826,3774,4601
Below 0.5,SCHEDULED TRIBES,NIZAMABAD,533,TELANGANA,37,13086,4026,3916,1354,5270
Below 0.5,SCHEDULED TRIBES,KARIMNAGAR,534,TELANGANA,37,7879,2178,1164,776,1940
Below 0.5,SCHEDULED TRIBES,MEDAK,535,TELANGANA,37,10735,3088,839,1592,2431
Below 0.5,SCHEDULED TRIBES,RANGAREDDY,537,ANDHRA PRADESH,36,8541,2593,686,1053,1739
Below 0.5,SCHEDULED TRIBES,MAHABUBNAGAR,538,TELANGANA,37,29640,8141,1422,4376,5798
Below 0.5,SCHEDULED TRIBES,NALGONDA,539,TELANGANA,37,29377,8601,5139,1787,6925
Below 0.5,SCHEDULED TRIBES,WARANGAL,540,TELANGANA,37,41606,11120,6567,4211,10777
Below 0.5,SCHEDULED TRIBES,KHAMMAM,541,TELANGANA,37,51817,15218,6092,8939,15031
Below 0.5,SCHEDULED TRIBES,SRIKAKULAM,542,ANDHRA PRADESH,36,17337,4479,1682,2518,4201
Below 0.5,SCHEDULED TRIBES,VIZIANAGARAM,543,ANDHRA PRADESH,36,16594,4372,985,3364,4349
Below 0.5,SCHEDULED TRIBES,VISAKHAPATNAM,544,ANDHRA PRADESH,36,29040,7853,2928,4824,7751
Below 0.5,SCHEDULED TRIBES,EAST GODAVARI,545,ANDHRA PRADESH,36,10200,2756,1598,1138,2736
Below 0.5,SCHEDULED TRIBES,WEST GODAVARI,546,ANDHRA PRADESH,36,8225,2367,1896,692,2588
Below 0.5,SCHEDULED TRIBES,KRISHNA,547,ANDHRA PRADESH,36,6829,1945,1298,817,2116
Below 0.5,SCHEDULED TRIBES,GUNTUR,548,ANDHRA PRADESH,36,8164,2447,1814,969,2783
Below 0.5,SCHEDULED TRIBES,PRAKASAM,549,ANDHRA PRADESH,36,5743,1724,553,893,1445
Below 0.5,SCHEDULED TRIBES,NELLORE,550,ANDHRA PRADESH,36,15233,4040,3722,525,4247
Below 0.5,SCHEDULED TRIBES,KADAPA,551,ANDHRA PRADESH,36,2865,833,360,206,566
Below 0.5,SCHEDULED TRIBES,KURNOOL,552,ANDHRA PRADESH,36,2865,921,399,497,895
Below 0.5,SCHEDULED TRIBES,ANANTHAPUR,553,ANDHRA PRADESH,36,4431,1429,146,1106,1252
Below 0.5,SCHEDULED TRIBES,CHITTOOR,554,ANDHRA PRADESH,36,7092,2022,675,623,1298
Below 0.5,ALL SOCIAL GROUPS,ADILABAD,532,TELANGANA,37,144024,37457,9185,24577,33762
Below 0.5,ALL SOCIAL GROUPS,NIZAMABAD,533,TELANGANA,37,189151,51936,45837,18732,64569
Below 0.5,ALL SOCIAL GROUPS,KARIMNAGAR,534,TELANGANA,37,274368,71226,50901,18683,69584
Below 0.5,ALL SOCIAL GROUPS,MEDAK,535,TELANGANA,37,289341,70477,18376,36431,54807
Below 0.5,ALL SOCIAL GROUPS,RANGAREDDY,537,ANDHRA PRADESH,36,107339,30551,6717,9282,15999
Below 0.5,ALL SOCIAL GROUPS,MAHABUBNAGAR,538,TELANGANA,37,324726,83602,16430,45143,61573
Below 0.5,ALL SOCIAL GROUPS,NALGONDA,539,TELANGANA,37,256198,69226,42091,15941,58032
Below 0.5,ALL SOCIAL GROUPS,WARANGAL,540,TELANGANA,37,280779,70536,41806,23428,65234
Below 0.5,ALL SOCIAL GROUPS,KHAMMAM,541,TELANGANA,37,170114,48535,29139,21398,50536
Below 0.5,ALL SOCIAL GROUPS,SRIKAKULAM,542,ANDHRA PRADESH,36,308866,72753,52447,40686,93133
Below 0.5,ALL SOCIAL GROUPS,VIZIANAGARAM,543,ANDHRA PRADESH,36,244848,55780,31861,33551,65412
Below 0.5,ALL SOCIAL GROUPS,VISAKHAPATNAM,544,ANDHRA PRADESH,36,254854,61546,38829,26025,64853
Below 0.5,ALL SOCIAL GROUPS,EAST GODAVARI,545,ANDHRA PRADESH,36,421667,102491,124917,35706,160622
Below 0.5,ALL SOCIAL GROUPS,WEST GODAVARI,546,ANDHRA PRADESH,36,299108,79758,122028,4238,126266
Below 0.5,ALL SOCIAL GROUPS,KRISHNA,547,ANDHRA PRADESH,36,257268,71639,69072,40284,109356
Below 0.5,ALL SOCIAL GROUPS,GUNTUR,548,ANDHRA PRADESH,36,325972,95713,78225,45981,124206
Below 0.5,ALL SOCIAL GROUPS,PRAKASAM,549,ANDHRA PRADESH,36,214682,61716,17953,37821,55774
Below 0.5,ALL SOCIAL GROUPS,NELLORE,550,ANDHRA PRADESH,36,198408,51866,48706,6049,54755
Below 0.5,ALL SOCIAL GROUPS,KADAPA,551,ANDHRA PRADESH,36,123309,35264,19024,10326,29350
Below 0.5,ALL SOCIAL GROUPS,KURNOOL,552,ANDHRA PRADESH,36,123253,39479,18273,21622,39895
Below 0.5,ALL SOCIAL GROUPS,ANANTHAPUR,553,ANDHRA PRADESH,36,108569,33680,5644,24160,29804
Below 0.5,ALL SOCIAL GROUPS,CHITTOOR,554,ANDHRA PRADESH,36,278390,71547,22016,25810,47826
1.0-2.0,INSTITUTIONAL,ADILABAD,532,TELANGANA,37,6,8,3,2,5
1.0-2.0,INSTITUTIONAL,NIZAMABAD,533,TELANGANA,37,8,11,1,3,4
1.0-2.0,INSTITUTIONAL,KARIMNAGAR,534,TELANGANA,37,5,9,2,3,6
1.0-2.0,INSTITUTIONAL,MEDAK,535,TELANGANA,37,32,46,12,7,19
1.0-2.0,INSTITUTIONAL,RANGAREDDY,537,ANDHRA PRADESH,36,10,16,1,2,3
1.0-2.0,INSTITUTIONAL,MAHABUBNAGAR,538,TELANGANA,37,0,0,0,0,0
1.0-2.0,INSTITUTIONAL,NALGONDA,539,TELANGANA,37,16,22,10,3,13
1.0-2.0,INSTITUTIONAL,WARANGAL,540,TELANGANA,37,1,1,1,0,1
1.0-2.0,INSTITUTIONAL,KHAMMAM,541,TELANGANA,37,24,38,19,5,24
1.0-2.0,INSTITUTIONAL,SRIKAKULAM,542,ANDHRA PRADESH,36,106,162,127,48,175
1.0-2.0,INSTITUTIONAL,VIZIANAGARAM,543,ANDHRA PRADESH,36,6,10,7,1,7
1.0-2.0,INSTITUTIONAL,VISAKHAPATNAM,544,ANDHRA PRADESH,36,43,62,37,2,40
1.0-2.0,INSTITUTIONAL,EAST GODAVARI,545,ANDHRA PRADESH,36,126,183,205,35,240
1.0-2.0,INSTITUTIONAL,WEST GODAVARI,546,ANDHRA PRADESH,36,144,208,232,1,232
1.0-2.0,INSTITUTIONAL,KRISHNA,547,ANDHRA PRADESH,36,1,2,0,1,1
1.0-2.0,INSTITUTIONAL,GUNTUR,548,ANDHRA PRADESH,36,142,214,85,85,170
1.0-2.0,INSTITUTIONAL,PRAKASAM,549,ANDHRA PRADESH,36,15,22,1,11,12
1.0-2.0,INSTITUTIONAL,NELLORE,550,ANDHRA PRADESH,36,152,214,134,26,160
1.0-2.0,INSTITUTIONAL,KADAPA,551,ANDHRA PRADESH,36,5,6,2,3,5
1.0-2.0,INSTITUTIONAL,KURNOOL,552,ANDHRA PRADESH,36,2,3,3,0,3
1.0-2.0,INSTITUTIONAL,ANANTHAPUR,553,ANDHRA PRADESH,36,80,114,9,63,72
1.0-2.0,INSTITUTIONAL,CHITTOOR,554,ANDHRA PRADESH,36,5,8,0,3,3
1.0-2.0,SCHEDULED CASTE,ADILABAD,532,TELANGANA,37,18917,26616,3263,20659,23922
1.0-2.0,SCHEDULED CASTE,NIZAMABAD,533,TELANGANA,37,10813,14520,11983,7968,19951
1.0-2.0,SCHEDULED CASTE,KARIMNAGAR,534,TELANGANA,37,13973,18940,14328,5567,19894
1.0-2.0,SCHEDULED CASTE,MEDAK,535,TELANGANA,37,18593,25236,7035,15290,22325
1.0-2.0,SCHEDULED CASTE,RANGAREDDY,537,ANDHRA PRADESH,36,12105,16722,2238,8313,10551
1.0-2.0,SCHEDULED CASTE,MAHABUBNAGAR,538,TELANGANA,37,27944,39005,7649,27772,35421
1.0-2.0,SCHEDULED CASTE,NALGONDA,539,TELANGANA,37,14990,20554,8186,8521,16708
1.0-2.0,SCHEDULED CASTE,WARANGAL,540,TELANGANA,37,11507,15694,9313,4935,14247
1.0-2.0,SCHEDULED CASTE,KHAMMAM,541,TELANGANA,37,5748,7799,4355,3852,8207
1.0-2.0,SCHEDULED CASTE,SRIKAKULAM,542,ANDHRA PRADESH,36,1542,2017,982,1098,2080
1.0-2.0,SCHEDULED CASTE,VIZIANAGARAM,543,ANDHRA PRADESH,36,2076,2796,1009,1816,2825
1.0-2.0,SCHEDULED CASTE,VISAKHAPATNAM,544,ANDHRA PRADESH,36,1129,1543,745,754,1499
1.0-2.0,SCHEDULED CASTE,EAST GODAVARI,545,ANDHRA PRADESH,36,2743,3682,3419,1638,5056
1.0-2.0,SCHEDULED CASTE,WEST GODAVARI,546,ANDHRA PRADESH,36,4469,6090,7796,238,8034
1.0-2.0,SCHEDULED CASTE,KRISHNA,547,ANDHRA PRADESH,36,4422,5951,4440,3337,7777
1.0-2.0,SCHEDULED CASTE,GUNTUR,548,ANDHRA PRADESH,36,5376,7211,5357,3065,8422
1.0-2.0,SCHEDULED CASTE,PRAKASAM,549,ANDHRA PRADESH,36,15758,22123,5238,12835,18073
1.0-2.0,SCHEDULED CASTE,NELLORE,550,ANDHRA PRADESH,36,11591,15537,9940,3650,13590
1.0-2.0,SCHEDULED CASTE,KADAPA,551,ANDHRA PRADESH,36,7920,11068,4708,5181,9889
1.0-2.0,SCHEDULED CASTE,KURNOOL,552,ANDHRA PRADESH,36,20608,28737,6857,21100,27957
1.0-2.0,SCHEDULED CASTE,ANANTHAPUR,553,ANDHRA PRADESH,36,22432,32555,3455,26646,30101
1.0-2.0,SCHEDULED CASTE,CHITTOOR,554,ANDHRA PRADESH,36,13019,17902,6223,6928,13151
1.0-2.0,OTHERS,ADILABAD,532,TELANGANA,37,90217,129447,19309,102095,121404
1.0-2.0,OTHERS,NIZAMABAD,533,TELANGANA,37,91437,128017,113177,62747,175924
1.0-2.0,OTHERS,KARIMNAGAR,534,TELANGANA,37,126752,178297,152782,37387,190170
1.0-2.0,OTHERS,MEDAK,535,TELANGANA,37,120377,168747,57298,87030,144328
1.0-2.0,OTHERS,RANGAREDDY,537,ANDHRA PRADESH,36,67816,95571,18854,37320,56174
1.0-2.0,OTHERS,MAHABUBNAGAR,538,TELANGANA,37,197502,282862,69066,181409,250474
1.0-2.0,OTHERS,NALGONDA,539,TELANGANA,37,155305,220963,106153,84456,190609
1.0-2.0,OTHERS,WARANGAL,540,TELANGANA,37,105740,148796,97940,40105,138045
1.0-2.0,OTHERS,KHAMMAM,541,TELANGANA,37,62730,87930,53948,40231,94178
1.0-2.0,OTHERS,SRIKAKULAM,542,ANDHRA PRADESH,36,62857,86492,60808,49965,110773
1.0-2.0,OTHERS,VIZIANAGARAM,543,ANDHRA PRADESH,36,57096,79057,41451,43905,85356
1.0-2.0,OTHERS,VISAKHAPATNAM,544,ANDHRA PRADESH,36,41078,55861,30094,26119,56214
1.0-2.0,OTHERS,EAST GODAVARI,545,ANDHRA PRADESH,36,72592,99582,109467,39154,148620
1.0-2.0,OTHERS,WEST GODAVARI,546,ANDHRA PRADESH,36,78380,108878,158969,5691,164660
1.0-2.0,OTHERS,KRISHNA,547,ANDHRA PRADESH,36,91402,127884,106302,77948,184250
1.0-2.0,OTHERS,GUNTUR,548,ANDHRA PRADESH,36,140692,195277,141452,89967,231420
1.0-2.0,OTHERS,PRAKASAM,549,ANDHRA PRADESH,36,151097,215873,57173,135682,192855
1.0-2.0,OTHERS,NELLORE,550,ANDHRA PRADESH,36,77841,109836,79751,26404,106156
1.0-2.0,OTHERS,KADAPA,551,ANDHRA PRADESH,36,113575,163190,58299,96153,154452
1.0-2.0,OTHERS,KURNOOL,552,ANDHRA PRADESH,36,163417,233865,55687,173827,229514
1.0-2.0,OTHERS,ANANTHAPUR,553,ANDHRA PRADESH,36,209985,309988,44368,247041,291409
1.0-2.0,OTHERS,CHITTOOR,554,ANDHRA PRADESH,36,128363,181152,59058,72139,131196
1.0-2.0,SCHEDULED TRIBES,ADILABAD,532,TELANGANA,37,34794,49802,1971,42019,43989
1.0-2.0,SCHEDULED TRIBES,NIZAMABAD,533,TELANGANA,37,10578,14239,13001,6777,19779
1.0-2.0,SCHEDULED TRIBES,KARIMNAGAR,534,TELANGANA,37,4278,5858,3750,2016,5766
1.0-2.0,SCHEDULED TRIBES,MEDAK,535,TELANGANA,37,9878,13656,4091,8420,12512
1.0-2.0,SCHEDULED TRIBES,RANGAREDDY,537,ANDHRA PRADESH,36,8025,11053,3170,5001,8171
1.0-2.0,SCHEDULED TRIBES,MAHABUBNAGAR,538,TELANGANA,37,23940,33489,5990,23550,29540
1.0-2.0,SCHEDULED TRIBES,NALGONDA,539,TELANGANA,37,21197,29224,9934,13522,23456
1.0-2.0,SCHEDULED TRIBES,WARANGAL,540,TELANGANA,37,24633,33921,20692,11493,32185
1.0-2.0,SCHEDULED TRIBES,KHAMMAM,541,TELANGANA,37,37471,52243,15862,34181,50044
1.0-2.0,SCHEDULED TRIBES,SRIKAKULAM,542,ANDHRA PRADESH,36,6389,8584,2538,4610,7148
1.0-2.0,SCHEDULED TRIBES,VIZIANAGARAM,543,ANDHRA PRADESH,36,8020,11019,2020,8599,10619
1.0-2.0,SCHEDULED TRIBES,VISAKHAPATNAM,544,ANDHRA PRADESH,36,26679,37972,9449,25260,34709
1.0-2.0,SCHEDULED TRIBES,EAST GODAVARI,545,ANDHRA PRADESH,36,11213,16283,3971,5037,9008
1.0-2.0,SCHEDULED TRIBES,WEST GODAVARI,546,ANDHRA PRADESH,36,4306,6112,4324,1776,6100
1.0-2.0,SCHEDULED TRIBES,KRISHNA,547,ANDHRA PRADESH,36,1874,2640,1059,1491,2550
1.0-2.0,SCHEDULED TRIBES,GUNTUR,548,ANDHRA PRADESH,36,4635,6306,4079,2359,6438
1.0-2.0,SCHEDULED TRIBES,PRAKASAM,549,ANDHRA PRADESH,36,3211,4500,1596,2101,3697
1.0-2.0,SCHEDULED TRIBES,NELLORE,550,ANDHRA PRADESH,36,2678,3559,2460,767,3226
1.0-2.0,SCHEDULED TRIBES,KADAPA,551,ANDHRA PRADESH,36,1974,2727,710,1287,1996
1.0-2.0,SCHEDULED TRIBES,KURNOOL,552,ANDHRA PRADESH,36,3671,5116,1157,3317,4475
1.0-2.0,SCHEDULED TRIBES,ANANTHAPUR,553,ANDHRA PRADESH,36,11031,16178,1439,13384,14823
1.0-2.0,SCHEDULED TRIBES,CHITTOOR,554,ANDHRA PRADESH,36,3044,4243,1185,1941,3126
1.0-2.0,ALL SOCIAL GROUPS,ADILABAD,532,TELANGANA,37,143934,205874,24546,164775,189321
1.0-2.0,ALL SOCIAL GROUPS,NIZAMABAD,533,TELANGANA,37,112836,156787,138163,77495,215658
1.0-2.0,ALL SOCIAL GROUPS,KARIMNAGAR,534,TELANGANA,37,145008,203103,170862,44973,215835
1.0-2.0,ALL SOCIAL GROUPS,MEDAK,535,TELANGANA,37,148880,207685,68436,110748,179184
1.0-2.0,ALL SOCIAL GROUPS,RANGAREDDY,537,ANDHRA PRADESH,36,87956,123362,24262,50637,74899
1.0-2.0,ALL SOCIAL GROUPS,MAHABUBNAGAR,538,TELANGANA,37,249386,355356,82704,232731,315435
1.0-2.0,ALL SOCIAL GROUPS,NALGONDA,539,TELANGANA,37,191508,270762,124283,106503,230786
1.0-2.0,ALL SOCIAL GROUPS,WARANGAL,540,TELANGANA,37,141881,198412,127945,56533,184478
1.0-2.0,ALL SOCIAL GROUPS,KHAMMAM,541,TELANGANA,37,105973,148011,74184,78269,152453
1.0-2.0,ALL SOCIAL GROUPS,SRIKAKULAM,542,ANDHRA PRADESH,36,70894,97255,64455,55721,120176
1.0-2.0,ALL SOCIAL GROUPS,VIZIANAGARAM,543,ANDHRA PRADESH,36,67198,92882,44486,54321,98807
1.0-2.0,ALL SOCIAL GROUPS,VISAKHAPATNAM,544,ANDHRA PRADESH,36,68929,95438,40326,52136,92462
1.0-2.0,ALL SOCIAL GROUPS,EAST GODAVARI,545,ANDHRA PRADESH,36,86674,119731,117061,45862,162924
1.0-2.0,ALL SOCIAL GROUPS,WEST GODAVARI,546,ANDHRA PRADESH,36,87299,121288,171321,7705,179026
1.0-2.0,ALL SOCIAL GROUPS,KRISHNA,547,ANDHRA PRADESH,36,97699,136477,111801,82778,194578
1.0-2.0,ALL SOCIAL GROUPS,GUNTUR,548,ANDHRA PRADESH,36,150845,209008,150973,95477,246451
1.0-2.0,ALL SOCIAL GROUPS,PRAKASAM,549,ANDHRA PRADESH,36,170081,242517,64008,150629,214636
1.0-2.0,ALL SOCIAL GROUPS,NELLORE,550,ANDHRA PRADESH,36,92262,129146,92286,30847,123132
1.0-2.0,ALL SOCIAL GROUPS,KADAPA,551,ANDHRA PRADESH,36,123474,176991,63719,102623,166342
1.0-2.0,ALL SOCIAL GROUPS,KURNOOL,552,ANDHRA PRADESH,36,187698,267721,63704,198244,261948
1.0-2.0,ALL SOCIAL GROUPS,ANANTHAPUR,553,ANDHRA PRADESH,36,243528,358835,49271,287134,336405
1.0-2.0,ALL SOCIAL GROUPS,CHITTOOR,554,ANDHRA PRADESH,36,144431,203304,66466,81011,147476
0.5-1.0,INSTITUTIONAL,ADILABAD,532,TELANGANA,37,12,9,3,3,6
0.5-1.0,INSTITUTIONAL,NIZAMABAD,533,TELANGANA,37,5,3,0,0,1
0.5-1.0,INSTITUTIONAL,KARIMNAGAR,534,TELANGANA,37,2,1,1,1,1
0.5-1.0,INSTITUTIONAL,MEDAK,535,TELANGANA,37,25,18,3,8,11
0.5-1.0,INSTITUTIONAL,RANGAREDDY,537,ANDHRA PRADESH,36,4,3,0,0,0
0.5-1.0,INSTITUTIONAL,MAHABUBNAGAR,538,TELANGANA,37,1,1,0,0,0
0.5-1.0,INSTITUTIONAL,NALGONDA,539,TELANGANA,37,7,6,2,1,3
0.5-1.0,INSTITUTIONAL,WARANGAL,540,TELANGANA,37,1,1,0,0,0
0.5-1.0,INSTITUTIONAL,KHAMMAM,541,TELANGANA,37,7,5,5,0,5
0.5-1.0,INSTITUTIONAL,SRIKAKULAM,542,ANDHRA PRADESH,36,44,32,15,3,18
0.5-1.0,INSTITUTIONAL,VIZIANAGARAM,543,ANDHRA PRADESH,36,3,2,1,2,3
0.5-1.0,INSTITUTIONAL,VISAKHAPATNAM,544,ANDHRA PRADESH,36,21,15,8,2,10
0.5-1.0,INSTITUTIONAL,EAST GODAVARI,545,ANDHRA PRADESH,36,145,106,138,13,152
0.5-1.0,INSTITUTIONAL,WEST GODAVARI,546,ANDHRA PRADESH,36,96,69,70,0,70
0.5-1.0,INSTITUTIONAL,KRISHNA,547,ANDHRA PRADESH,36,4,3,0,2,2
0.5-1.0,INSTITUTIONAL,GUNTUR,548,ANDHRA PRADESH,36,11,8,6,5,11
0.5-1.0,INSTITUTIONAL,PRAKASAM,549,ANDHRA PRADESH,36,13,10,0,7,7
0.5-1.0,INSTITUTIONAL,NELLORE,550,ANDHRA PRADESH,36,104,77,64,3,66
0.5-1.0,INSTITUTIONAL,KADAPA,551,ANDHRA PRADESH,36,1,1,0,0,0
0.5-1.0,INSTITUTIONAL,KURNOOL,552,ANDHRA PRADESH,36,3,2,1,2,2
0.5-1.0,INSTITUTIONAL,ANANTHAPUR,553,ANDHRA PRADESH,36,80,57,0,39,40
0.5-1.0,INSTITUTIONAL,CHITTOOR,554,ANDHRA PRADESH,36,2,2,0,0,0
0.5-1.0,SCHEDULED CASTE,ADILABAD,532,TELANGANA,37,20153,14918,2770,10843,13613
0.5-1.0,SCHEDULED CASTE,NIZAMABAD,533,TELANGANA,37,17068,12321,11187,5831,17018
0.5-1.0,SCHEDULED CASTE,KARIMNAGAR,534,TELANGANA,37,24933,17882,14317,4870,19186
0.5-1.0,SCHEDULED CASTE,MEDAK,535,TELANGANA,37,29765,21406,5407,12884,18290
0.5-1.0,SCHEDULED CASTE,RANGAREDDY,537,ANDHRA PRADESH,36,15700,11485,1618,5227,6845
0.5-1.0,SCHEDULED CASTE,MAHABUBNAGAR,538,TELANGANA,37,36601,26911,4562,19353,23915
0.5-1.0,SCHEDULED CASTE,NALGONDA,539,TELANGANA,37,22607,16367,7512,6047,13559
0.5-1.0,SCHEDULED CASTE,WARANGAL,540,TELANGANA,37,19501,14029,8478,4641,13118
0.5-1.0,SCHEDULED CASTE,KHAMMAM,541,TELANGANA,37,10427,7394,4541,3508,8049
0.5-1.0,SCHEDULED CASTE,SRIKAKULAM,542,ANDHRA PRADESH,36,4918,3485,2031,2185,4215
0.5-1.0,SCHEDULED CASTE,VIZIANAGARAM,543,ANDHRA PRADESH,36,4555,3232,1491,1974,3466
0.5-1.0,SCHEDULED CASTE,VISAKHAPATNAM,544,ANDHRA PRADESH,36,2486,1767,963,843,1806
0.5-1.0,SCHEDULED CASTE,EAST GODAVARI,545,ANDHRA PRADESH,36,7709,5298,5153,2606,7758
0.5-1.0,SCHEDULED CASTE,WEST GODAVARI,546,ANDHRA PRADESH,36,9241,6521,8398,377,8775
0.5-1.0,SCHEDULED CASTE,KRISHNA,547,ANDHRA PRADESH,36,10098,7219,5320,4284,9604
0.5-1.0,SCHEDULED CASTE,GUNTUR,548,ANDHRA PRADESH,36,11833,8364,6090,4080,10170
0.5-1.0,SCHEDULED CASTE,PRAKASAM,549,ANDHRA PRADESH,36,17155,12552,3297,7735,11033
0.5-1.0,SCHEDULED CASTE,NELLORE,550,ANDHRA PRADESH,36,21085,15125,11954,2507,14461
0.5-1.0,SCHEDULED CASTE,KADAPA,551,ANDHRA PRADESH,36,13934,9722,4146,3403,7549
0.5-1.0,SCHEDULED CASTE,KURNOOL,552,ANDHRA PRADESH,36,24489,17972,5146,12266,17412
0.5-1.0,SCHEDULED CASTE,ANANTHAPUR,553,ANDHRA PRADESH,36,20868,15585,1950,12684,14634
0.5-1.0,SCHEDULED CASTE,CHITTOOR,554,ANDHRA PRADESH,36,24132,17015,5847,6168,12015
0.5-1.0,OTHERS,ADILABAD,532,TELANGANA,37,72023,53527,11719,38355,50074
0.5-1.0,OTHERS,NIZAMABAD,533,TELANGANA,37,100012,73369,65071,35196,100267
0.5-1.0,OTHERS,KARIMNAGAR,534,TELANGANA,37,141990,103955,90200,22793,112993
0.5-1.0,OTHERS,MEDAK,535,TELANGANA,37,135166,98632,30797,51643,82440
0.5-1.0,OTHERS,RANGAREDDY,537,ANDHRA PRADESH,36,67843,49989,11063,17994,29057
0.5-1.0,OTHERS,MAHABUBNAGAR,538,TELANGANA,37,182361,135716,29433,89028,118461
0.5-1.0,OTHERS,NALGONDA,539,TELANGANA,37,141523,104638,60520,34003,94523
0.5-1.0,OTHERS,WARANGAL,540,TELANGANA,37,114852,84366,59112,22175,81286
0.5-1.0,OTHERS,KHAMMAM,541,TELANGANA,37,68872,50509,33053,21430,54483
0.5-1.0,OTHERS,SRIKAKULAM,542,ANDHRA PRADESH,36,103322,73699,54173,41948,96121
0.5-1.0,OTHERS,VIZIANAGARAM,543,ANDHRA PRADESH,36,85621,61482,35446,34405,69851
0.5-1.0,OTHERS,VISAKHAPATNAM,544,ANDHRA PRADESH,36,78967,55448,32312,24297,56608
0.5-1.0,OTHERS,EAST GODAVARI,545,ANDHRA PRADESH,36,124563,89313,105745,33586,139331
0.5-1.0,OTHERS,WEST GODAVARI,546,ANDHRA PRADESH,36,115321,83353,127548,4026,131574
0.5-1.0,OTHERS,KRISHNA,547,ANDHRA PRADESH,36,125883,92052,82753,55440,138193
0.5-1.0,OTHERS,GUNTUR,548,ANDHRA PRADESH,36,192300,139401,104653,67781,172434
0.5-1.0,OTHERS,PRAKASAM,549,ANDHRA PRADESH,36,143493,105187,28410,70629,99039
0.5-1.0,OTHERS,NELLORE,550,ANDHRA PRADESH,36,83045,60790,52858,10075,62933
0.5-1.0,OTHERS,KADAPA,551,ANDHRA PRADESH,36,101477,73988,34668,32026,66694
0.5-1.0,OTHERS,KURNOOL,552,ANDHRA PRADESH,36,131200,98126,30411,67146,97557
0.5-1.0,OTHERS,ANANTHAPUR,553,ANDHRA PRADESH,36,122632,92710,14020,72408,86428
0.5-1.0,OTHERS,CHITTOOR,554,ANDHRA PRADESH,36,147706,106925,35727,42461,78188
0.5-1.0,SCHEDULED TRIBES,ADILABAD,532,TELANGANA,37,22965,17300,1333,14315,15647
0.5-1.0,SCHEDULED TRIBES,NIZAMABAD,533,TELANGANA,37,13195,9767,9249,4297,13546
0.5-1.0,SCHEDULED TRIBES,KARIMNAGAR,534,TELANGANA,37,5744,4193,2682,1304,3986
0.5-1.0,SCHEDULED TRIBES,MEDAK,535,TELANGANA,37,10803,7950,2322,4507,6829
0.5-1.0,SCHEDULED TRIBES,RANGAREDDY,537,ANDHRA PRADESH,36,9061,6712,1757,3006,4763
0.5-1.0,SCHEDULED TRIBES,MAHABUBNAGAR,538,TELANGANA,37,25444,18841,3259,12997,16256
0.5-1.0,SCHEDULED TRIBES,NALGONDA,539,TELANGANA,37,24934,18315,8834,6355,15190
0.5-1.0,SCHEDULED TRIBES,WARANGAL,540,TELANGANA,37,29754,21999,14145,7939,22083
0.5-1.0,SCHEDULED TRIBES,KHAMMAM,541,TELANGANA,37,41686,30697,11742,19016,30758
0.5-1.0,SCHEDULED TRIBES,SRIKAKULAM,542,ANDHRA PRADESH,36,10287,7526,2354,4331,6685
0.5-1.0,SCHEDULED TRIBES,VIZIANAGARAM,543,ANDHRA PRADESH,36,10397,7579,1685,5718,7403
0.5-1.0,SCHEDULED TRIBES,VISAKHAPATNAM,544,ANDHRA PRADESH,36,24516,18132,7083,10145,17228
0.5-1.0,SCHEDULED TRIBES,EAST GODAVARI,545,ANDHRA PRADESH,36,8431,6303,2158,2309,4467
0.5-1.0,SCHEDULED TRIBES,WEST GODAVARI,546,ANDHRA PRADESH,36,4933,3626,2585,1088,3673
0.5-1.0,SCHEDULED TRIBES,KRISHNA,547,ANDHRA PRADESH,36,3163,2316,1058,1196,2254
0.5-1.0,SCHEDULED TRIBES,GUNTUR,548,ANDHRA PRADESH,36,6342,4639,2916,1878,4795
0.5-1.0,SCHEDULED TRIBES,PRAKASAM,549,ANDHRA PRADESH,36,3597,2622,952,1296,2248
0.5-1.0,SCHEDULED TRIBES,NELLORE,550,ANDHRA PRADESH,36,5970,4296,3423,959,4382
0.5-1.0,SCHEDULED TRIBES,KADAPA,551,ANDHRA PRADESH,36,3000,2097,620,799,1419
0.5-1.0,SCHEDULED TRIBES,KURNOOL,552,ANDHRA PRADESH,36,3460,2576,806,1486,2293
0.5-1.0,SCHEDULED TRIBES,ANANTHAPUR,553,ANDHRA PRADESH,36,6801,5173,409,4435,4844
0.5-1.0,SCHEDULED TRIBES,CHITTOOR,554,ANDHRA PRADESH,36,4960,3521,1158,1348,2505
0.5-1.0,ALL SOCIAL GROUPS,ADILABAD,532,TELANGANA,37,115153,85754,15825,63515,79340
0.5-1.0,ALL SOCIAL GROUPS,NIZAMABAD,533,TELANGANA,37,130280,95460,85507,45325,130832
0.5-1.0,ALL SOCIAL GROUPS,KARIMNAGAR,534,TELANGANA,37,172669,126030,107199,28968,136166
0.5-1.0,ALL SOCIAL GROUPS,MEDAK,535,TELANGANA,37,175759,128007,38529,69042,107570
0.5-1.0,ALL SOCIAL GROUPS,RANGAREDDY,537,ANDHRA PRADESH,36,92608,68189,14438,26228,40666
0.5-1.0,ALL SOCIAL GROUPS,MAHABUBNAGAR,538,TELANGANA,37,244407,181468,37253,121378,158632
0.5-1.0,ALL SOCIAL GROUPS,NALGONDA,539,TELANGANA,37,189071,139326,76868,46406,123274
0.5-1.0,ALL SOCIAL GROUPS,WARANGAL,540,TELANGANA,37,164108,120394,81734,34754,116488
0.5-1.0,ALL SOCIAL GROUPS,KHAMMAM,541,TELANGANA,37,120992,88605,49341,43954,93294
0.5-1.0,ALL SOCIAL GROUPS,SRIKAKULAM,542,ANDHRA PRADESH,36,118571,84742,58573,48466,107039
0.5-1.0,ALL SOCIAL GROUPS,VIZIANAGARAM,543,ANDHRA PRADESH,36,100576,72296,38622,42100,80722
0.5-1.0,ALL SOCIAL GROUPS,VISAKHAPATNAM,544,ANDHRA PRADESH,36,105990,75362,40365,35288,75653
0.5-1.0,ALL SOCIAL GROUPS,EAST GODAVARI,545,ANDHRA PRADESH,36,140848,101019,113195,38514,151709
0.5-1.0,ALL SOCIAL GROUPS,WEST GODAVARI,546,ANDHRA PRADESH,36,129591,93569,138600,5491,144092
0.5-1.0,ALL SOCIAL GROUPS,KRISHNA,547,ANDHRA PRADESH,36,139148,101590,89131,60921,150053
0.5-1.0,ALL SOCIAL GROUPS,GUNTUR,548,ANDHRA PRADESH,36,210486,152412,113665,73744,187410
0.5-1.0,ALL SOCIAL GROUPS,PRAKASAM,549,ANDHRA PRADESH,36,164258,120371,32660,79666,112327
0.5-1.0,ALL SOCIAL GROUPS,NELLORE,550,ANDHRA PRADESH,36,110204,80288,68299,13543,81842
0.5-1.0,ALL SOCIAL GROUPS,KADAPA,551,ANDHRA PRADESH,36,118412,85808,39434,36229,75662
0.5-1.0,ALL SOCIAL GROUPS,KURNOOL,552,ANDHRA PRADESH,36,159152,118677,36364,80900,117264
0.5-1.0,ALL SOCIAL GROUPS,ANANTHAPUR,553,ANDHRA PRADESH,36,150381,113525,16379,89567,105946
0.5-1.0,ALL SOCIAL GROUPS,CHITTOOR,554,ANDHRA PRADESH,36,176800,127463,42732,49976,92708
3.0-4.0,INSTITUTIONAL,ADILABAD,532,TELANGANA,37,3,10,0,5,5
3.0-4.0,INSTITUTIONAL,NIZAMABAD,533,TELANGANA,37,3,10,5,2,7
3.0-4.0,INSTITUTIONAL,KARIMNAGAR,534,TELANGANA,37,0,0,0,0,0
3.0-4.0,INSTITUTIONAL,MEDAK,535,TELANGANA,37,11,37,6,10,17
3.0-4.0,INSTITUTIONAL,RANGAREDDY,537,ANDHRA PRADESH,36,15,51,15,3,18
3.0-4.0,INSTITUTIONAL,MAHABUBNAGAR,538,TELANGANA,37,0,0,0,0,0
3.0-4.0,INSTITUTIONAL,NALGONDA,539,TELANGANA,37,10,34,3,15,18
3.0-4.0,INSTITUTIONAL,WARANGAL,540,TELANGANA,37,1,3,0,2,2
3.0-4.0,INSTITUTIONAL,KHAMMAM,541,TELANGANA,37,17,60,28,13,40
3.0-4.0,INSTITUTIONAL,SRIKAKULAM,542,ANDHRA PRADESH,36,36,125,66,21,87
3.0-4.0,INSTITUTIONAL,VIZIANAGARAM,543,ANDHRA PRADESH,36,8,26,12,10,21
3.0-4.0,INSTITUTIONAL,VISAKHAPATNAM,544,ANDHRA PRADESH,36,11,38,5,19,24
3.0-4.0,INSTITUTIONAL,EAST GODAVARI,545,ANDHRA PRADESH,36,48,166,181,17,198
3.0-4.0,INSTITUTIONAL,WEST GODAVARI,546,ANDHRA PRADESH,36,53,185,287,3,291
3.0-4.0,INSTITUTIONAL,KRISHNA,547,ANDHRA PRADESH,36,1,4,0,4,4
3.0-4.0,INSTITUTIONAL,GUNTUR,548,ANDHRA PRADESH,36,70,244,72,83,156
3.0-4.0,INSTITUTIONAL,PRAKASAM,549,ANDHRA PRADESH,36,12,40,0,25,25
3.0-4.0,INSTITUTIONAL,NELLORE,550,ANDHRA PRADESH,36,51,175,110,32,142
3.0-4.0,INSTITUTIONAL,KADAPA,551,ANDHRA PRADESH,36,1,3,0,2,2
3.0-4.0,INSTITUTIONAL,KURNOOL,552,ANDHRA PRADESH,36,1,3,2,0,2
3.0-4.0,INSTITUTIONAL,ANANTHAPUR,553,ANDHRA PRADESH,36,67,230,12,159,171
3.0-4.0,INSTITUTIONAL,CHITTOOR,554,ANDHRA PRADESH,36,2,7,2,2,4
3.0-4.0,SCHEDULED CASTE,ADILABAD,532,TELANGANA,37,2165,7452,544,5832,6376
3.0-4.0,SCHEDULED CASTE,NIZAMABAD,533,TELANGANA,37,364,1231,853,749,1603
3.0-4.0,SCHEDULED CASTE,KARIMNAGAR,534,TELANGANA,37,640,2183,1233,808,2042
3.0-4.0,SCHEDULED CASTE,MEDAK,535,TELANGANA,37,772,2623,632,1587,2218
3.0-4.0,SCHEDULED CASTE,RANGAREDDY,537,ANDHRA PRADESH,36,903,3069,393,1438,1831
3.0-4.0,SCHEDULED CASTE,MAHABUBNAGAR,538,TELANGANA,37,1995,6818,1700,3999,5699
3.0-4.0,SCHEDULED CASTE,NALGONDA,539,TELANGANA,37,847,2895,1552,831,2383
3.0-4.0,SCHEDULED CASTE,WARANGAL,540,TELANGANA,37,762,2631,1502,1001,2503
3.0-4.0,SCHEDULED CASTE,KHAMMAM,541,TELANGANA,37,374,1281,485,683,1168
3.0-4.0,SCHEDULED CASTE,SRIKAKULAM,542,ANDHRA PRADESH,36,31,104,58,37,95
3.0-4.0,SCHEDULED CASTE,VIZIANAGARAM,543,ANDHRA PRADESH,36,130,456,207,131,338
3.0-4.0,SCHEDULED CASTE,VISAKHAPATNAM,544,ANDHRA PRADESH,36,51,172,37,86,123
3.0-4.0,SCHEDULED CASTE,EAST GODAVARI,545,ANDHRA PRADESH,36,188,644,289,244,533
3.0-4.0,SCHEDULED CASTE,WEST GODAVARI,546,ANDHRA PRADESH,36,258,884,823,13,836
3.0-4.0,SCHEDULED CASTE,KRISHNA,547,ANDHRA PRADESH,36,277,955,497,460,957
3.0-4.0,SCHEDULED CASTE,GUNTUR,548,ANDHRA PRADESH,36,369,1254,951,203,1154
3.0-4.0,SCHEDULED CASTE,PRAKASAM,549,ANDHRA PRADESH,36,949,3262,791,1631,2422
3.0-4.0,SCHEDULED CASTE,NELLORE,550,ANDHRA PRADESH,36,468,1608,1429,322,1750
3.0-4.0,SCHEDULED CASTE,KADAPA,551,ANDHRA PRADESH,36,227,760,186,342,528
3.0-4.0,SCHEDULED CASTE,KURNOOL,552,ANDHRA PRADESH,36,1843,6295,1093,4814,5908
3.0-4.0,SCHEDULED CASTE,ANANTHAPUR,553,ANDHRA PRADESH,36,1417,4809,607,3305,3912
3.0-4.0,SCHEDULED CASTE,CHITTOOR,554,ANDHRA PRADESH,36,405,1371,418,549,967
3.0-4.0,OTHERS,ADILABAD,532,TELANGANA,37,12509,43031,5872,34363,40235
3.0-4.0,OTHERS,NIZAMABAD,533,TELANGANA,37,7170,24558,20110,12695,32805
3.0-4.0,OTHERS,KARIMNAGAR,534,TELANGANA,37,12715,43588,36905,9604,46509
3.0-4.0,OTHERS,MEDAK,535,TELANGANA,37,12057,41421,14731,21538,36269
3.0-4.0,OTHERS,RANGAREDDY,537,ANDHRA PRADESH,36,9231,31738,5533,10863,16396
3.0-4.0,OTHERS,MAHABUBNAGAR,538,TELANGANA,37,26664,91602,28842,50220,79062
3.0-4.0,OTHERS,NALGONDA,539,TELANGANA,37,22037,75742,44761,25680,70442
3.0-4.0,OTHERS,WARANGAL,540,TELANGANA,37,11805,40557,28886,12416,41302
3.0-4.0,OTHERS,KHAMMAM,541,TELANGANA,37,8518,29324,22725,13139,35864
3.0-4.0,OTHERS,SRIKAKULAM,542,ANDHRA PRADESH,36,4915,16889,18112,9503,27615
3.0-4.0,OTHERS,VIZIANAGARAM,543,ANDHRA PRADESH,36,6486,22505,10519,12542,23061
3.0-4.0,OTHERS,VISAKHAPATNAM,544,ANDHRA PRADESH,36,3103,10550,6558,5569,12127
3.0-4.0,OTHERS,EAST GODAVARI,545,ANDHRA PRADESH,36,7225,24781,27584,10229,37814
3.0-4.0,OTHERS,WEST GODAVARI,546,ANDHRA PRADESH,36,9541,32896,52450,2282,54732
3.0-4.0,OTHERS,KRISHNA,547,ANDHRA PRADESH,36,12420,42669,39210,23526,62736
3.0-4.0,OTHERS,GUNTUR,548,ANDHRA PRADESH,36,14884,51040,45170,19859,65029
3.0-4.0,OTHERS,PRAKASAM,549,ANDHRA PRADESH,36,24242,83503,23552,50573,74126
3.0-4.0,OTHERS,NELLORE,550,ANDHRA PRADESH,36,10359,35599,35177,8827,44004
3.0-4.0,OTHERS,KADAPA,551,ANDHRA PRADESH,36,14352,49117,13470,34014,47484
3.0-4.0,OTHERS,KURNOOL,552,ANDHRA PRADESH,36,30626,105521,23600,77897,101497
3.0-4.0,OTHERS,ANANTHAPUR,553,ANDHRA PRADESH,36,35876,123279,20554,91789,112343
3.0-4.0,OTHERS,CHITTOOR,554,ANDHRA PRADESH,36,11844,40634,14521,14205,28725
3.0-4.0,SCHEDULED TRIBES,ADILABAD,532,TELANGANA,37,6496,22278,703,17229,17932
3.0-4.0,SCHEDULED TRIBES,NIZAMABAD,533,TELANGANA,37,250,842,515,477,992
3.0-4.0,SCHEDULED TRIBES,KARIMNAGAR,534,TELANGANA,37,230,800,454,163,617
3.0-4.0,SCHEDULED TRIBES,MEDAK,535,TELANGANA,37,667,2285,570,1536,2106
3.0-4.0,SCHEDULED TRIBES,RANGAREDDY,537,ANDHRA PRADESH,36,659,2256,540,858,1398
3.0-4.0,SCHEDULED TRIBES,MAHABUBNAGAR,538,TELANGANA,37,2007,6866,1694,3626,5319
3.0-4.0,SCHEDULED TRIBES,NALGONDA,539,TELANGANA,37,1638,5605,2390,2331,4721
3.0-4.0,SCHEDULED TRIBES,WARANGAL,540,TELANGANA,37,1790,6140,4499,2167,6666
3.0-4.0,SCHEDULED TRIBES,KHAMMAM,541,TELANGANA,37,4913,16844,5224,10739,15962
3.0-4.0,SCHEDULED TRIBES,SRIKAKULAM,542,ANDHRA PRADESH,36,344,1169,323,590,913
3.0-4.0,SCHEDULED TRIBES,VIZIANAGARAM,543,ANDHRA PRADESH,36,907,3106,668,2300,2968
3.0-4.0,SCHEDULED TRIBES,VISAKHAPATNAM,544,ANDHRA PRADESH,36,6314,21787,4555,13996,18551
3.0-4.0,SCHEDULED TRIBES,EAST GODAVARI,545,ANDHRA PRADESH,36,2999,10349,2987,2470,5457
3.0-4.0,SCHEDULED TRIBES,WEST GODAVARI,546,ANDHRA PRADESH,36,654,2250,1583,549,2132
3.0-4.0,SCHEDULED TRIBES,KRISHNA,547,ANDHRA PRADESH,36,150,514,155,276,431
3.0-4.0,SCHEDULED TRIBES,GUNTUR,548,ANDHRA PRADESH,36,313,1071,674,212,887
3.0-4.0,SCHEDULED TRIBES,PRAKASAM,549,ANDHRA PRADESH,36,209,716,243,246,489
3.0-4.0,SCHEDULED TRIBES,NELLORE,550,ANDHRA PRADESH,36,118,404,329,30,359
3.0-4.0,SCHEDULED TRIBES,KADAPA,551,ANDHRA PRADESH,36,87,296,38,138,176
3.0-4.0,SCHEDULED TRIBES,KURNOOL,552,ANDHRA PRADESH,36,456,1558,115,1225,1340
3.0-4.0,SCHEDULED TRIBES,ANANTHAPUR,553,ANDHRA PRADESH,36,885,3034,655,2181,2836
3.0-4.0,SCHEDULED TRIBES,CHITTOOR,554,ANDHRA PRADESH,36,125,425,60,229,289
3.0-4.0,ALL SOCIAL GROUPS,ADILABAD,532,TELANGANA,37,21173,72771,7119,57429,64548
3.0-4.0,ALL SOCIAL GROUPS,NIZAMABAD,533,TELANGANA,37,7787,26641,21484,13923,35406
3.0-4.0,ALL SOCIAL GROUPS,KARIMNAGAR,534,TELANGANA,37,13585,46571,38593,10575,49168
3.0-4.0,ALL SOCIAL GROUPS,MEDAK,535,TELANGANA,37,13507,46366,15939,24671,40610
3.0-4.0,ALL SOCIAL GROUPS,RANGAREDDY,537,ANDHRA PRADESH,36,10808,37114,6481,13161,19642
3.0-4.0,ALL SOCIAL GROUPS,MAHABUBNAGAR,538,TELANGANA,37,30666,105287,32236,57844,90081
3.0-4.0,ALL SOCIAL GROUPS,NALGONDA,539,TELANGANA,37,24532,84276,48707,28857,77564
3.0-4.0,ALL SOCIAL GROUPS,WARANGAL,540,TELANGANA,37,14358,49332,34887,15586,50473
3.0-4.0,ALL SOCIAL GROUPS,KHAMMAM,541,TELANGANA,37,13822,47509,28462,24573,53035
3.0-4.0,ALL SOCIAL GROUPS,SRIKAKULAM,542,ANDHRA PRADESH,36,5326,18288,18559,10151,28710
3.0-4.0,ALL SOCIAL GROUPS,VIZIANAGARAM,543,ANDHRA PRADESH,36,7531,26094,11406,14983,26389
3.0-4.0,ALL SOCIAL GROUPS,VISAKHAPATNAM,544,ANDHRA PRADESH,36,9479,32548,11155,19670,30825
3.0-4.0,ALL SOCIAL GROUPS,EAST GODAVARI,545,ANDHRA PRADESH,36,10460,35939,31041,12961,44002
3.0-4.0,ALL SOCIAL GROUPS,WEST GODAVARI,546,ANDHRA PRADESH,36,10506,36215,55143,2847,57990
3.0-4.0,ALL SOCIAL GROUPS,KRISHNA,547,ANDHRA PRADESH,36,12848,44141,39862,24266,64128
3.0-4.0,ALL SOCIAL GROUPS,GUNTUR,548,ANDHRA PRADESH,36,15636,53609,46868,20358,67226
3.0-4.0,ALL SOCIAL GROUPS,PRAKASAM,549,ANDHRA PRADESH,36,25412,87521,24586,52475,77061
3.0-4.0,ALL SOCIAL GROUPS,NELLORE,550,ANDHRA PRADESH,36,10996,37786,37044,9210,46254
3.0-4.0,ALL SOCIAL GROUPS,KADAPA,551,ANDHRA PRADESH,36,14667,50176,13694,34496,48189
3.0-4.0,ALL SOCIAL GROUPS,KURNOOL,552,ANDHRA PRADESH,36,32926,113377,24810,83937,108747
3.0-4.0,ALL SOCIAL GROUPS,ANANTHAPUR,553,ANDHRA PRADESH,36,38245,131352,21828,97433,119261
3.0-4.0,ALL SOCIAL GROUPS,CHITTOOR,554,ANDHRA PRADESH,36,12376,42437,15001,14984,29984
2.0-3.0,INSTITUTIONAL,ADILABAD,532,TELANGANA,37,6,15,1,6,7
2.0-3.0,INSTITUTIONAL,NIZAMABAD,533,TELANGANA,37,10,24,10,2,12
2.0-3.0,INSTITUTIONAL,KARIMNAGAR,534,TELANGANA,37,4,10,6,0,7
2.0-3.0,INSTITUTIONAL,MEDAK,535,TELANGANA,37,21,47,17,11,28
2.0-3.0,INSTITUTIONAL,RANGAREDDY,537,ANDHRA PRADESH,36,37,94,12,18,30
2.0-3.0,INSTITUTIONAL,MAHABUBNAGAR,538,TELANGANA,37,2,5,0,2,2
2.0-3.0,INSTITUTIONAL,NALGONDA,539,TELANGANA,37,11,27,5,8,12
2.0-3.0,INSTITUTIONAL,WARANGAL,540,TELANGANA,37,0,0,0,0,0
2.0-3.0,INSTITUTIONAL,KHAMMAM,541,TELANGANA,37,36,91,38,21,58
2.0-3.0,INSTITUTIONAL,SRIKAKULAM,542,ANDHRA PRADESH,36,84,204,180,45,225
2.0-3.0,INSTITUTIONAL,VIZIANAGARAM,543,ANDHRA PRADESH,36,12,28,16,6,22
2.0-3.0,INSTITUTIONAL,VISAKHAPATNAM,544,ANDHRA PRADESH,36,20,48,21,3,24
2.0-3.0,INSTITUTIONAL,EAST GODAVARI,545,ANDHRA PRADESH,36,71,173,158,34,192
2.0-3.0,INSTITUTIONAL,WEST GODAVARI,546,ANDHRA PRADESH,36,88,219,325,0,325
2.0-3.0,INSTITUTIONAL,KRISHNA,547,ANDHRA PRADESH,36,1,2,0,1,1
2.0-3.0,INSTITUTIONAL,GUNTUR,548,ANDHRA PRADESH,36,92,225,86,45,131
2.0-3.0,INSTITUTIONAL,PRAKASAM,549,ANDHRA PRADESH,36,21,51,1,37,39
2.0-3.0,INSTITUTIONAL,NELLORE,550,ANDHRA PRADESH,36,72,183,158,18,176
2.0-3.0,INSTITUTIONAL,KADAPA,551,ANDHRA PRADESH,36,2,5,1,0,1
2.0-3.0,INSTITUTIONAL,KURNOOL,552,ANDHRA PRADESH,36,4,10,2,2,4
2.0-3.0,INSTITUTIONAL,ANANTHAPUR,553,ANDHRA PRADESH,36,66,167,5,108,113
2.0-3.0,INSTITUTIONAL,CHITTOOR,554,ANDHRA PRADESH,36,3,7,0,3,3
2.0-3.0,SCHEDULED CASTE,ADILABAD,532,TELANGANA,37,8827,19880,1477,16583,18060
2.0-3.0,SCHEDULED CASTE,NIZAMABAD,533,TELANGANA,37,1728,3990,2906,2500,5406
2.0-3.0,SCHEDULED CASTE,KARIMNAGAR,534,TELANGANA,37,2567,5999,4677,1879,6556
2.0-3.0,SCHEDULED CASTE,MEDAK,535,TELANGANA,37,3507,8189,2737,4900,7637
2.0-3.0,SCHEDULED CASTE,RANGAREDDY,537,ANDHRA PRADESH,36,3198,7475,946,3891,4837
2.0-3.0,SCHEDULED CASTE,MAHABUBNAGAR,538,TELANGANA,37,7998,18846,4805,11960,16765
2.0-3.0,SCHEDULED CASTE,NALGONDA,539,TELANGANA,37,3313,7819,3777,3094,6871
2.0-3.0,SCHEDULED CASTE,WARANGAL,540,TELANGANA,37,2713,6466,4388,2182,6570
2.0-3.0,SCHEDULED CASTE,KHAMMAM,541,TELANGANA,37,1607,3701,2044,1765,3809
2.0-3.0,SCHEDULED CASTE,SRIKAKULAM,542,ANDHRA PRADESH,36,148,350,218,187,405
2.0-3.0,SCHEDULED CASTE,VIZIANAGARAM,543,ANDHRA PRADESH,36,426,988,482,413,895
2.0-3.0,SCHEDULED CASTE,VISAKHAPATNAM,544,ANDHRA PRADESH,36,216,486,255,218,473
2.0-3.0,SCHEDULED CASTE,EAST GODAVARI,545,ANDHRA PRADESH,36,568,1359,1016,578,1593
2.0-3.0,SCHEDULED CASTE,WEST GODAVARI,546,ANDHRA PRADESH,36,975,2267,2824,49,2873
2.0-3.0,SCHEDULED CASTE,KRISHNA,547,ANDHRA PRADESH,36,956,2269,1677,1225,2902
2.0-3.0,SCHEDULED CASTE,GUNTUR,548,ANDHRA PRADESH,36,1120,2658,2019,609,2629
2.0-3.0,SCHEDULED CASTE,PRAKASAM,549,ANDHRA PRADESH,36,5007,11233,3203,5516,8719
2.0-3.0,SCHEDULED CASTE,NELLORE,550,ANDHRA PRADESH,36,2190,4996,4669,1297,5966
2.0-3.0,SCHEDULED CASTE,KADAPA,551,ANDHRA PRADESH,36,2036,4499,1615,1698,3313
2.0-3.0,SCHEDULED CASTE,KURNOOL,552,ANDHRA PRADESH,36,6147,14372,2590,10709,13299
2.0-3.0,SCHEDULED CASTE,ANANTHAPUR,553,ANDHRA PRADESH,36,10414,23206,1889,19343,21232
2.0-3.0,SCHEDULED CASTE,CHITTOOR,554,ANDHRA PRADESH,36,2485,5646,1843,2242,4085
2.0-3.0,OTHERS,ADILABAD,532,TELANGANA,37,39249,90886,13011,73727,86737
2.0-3.0,OTHERS,NIZAMABAD,533,TELANGANA,37,23255,54826,47922,26969,74890
2.0-3.0,OTHERS,KARIMNAGAR,534,TELANGANA,37,38276,91220,81556,21542,103098
2.0-3.0,OTHERS,MEDAK,535,TELANGANA,37,33905,80468,31720,42406,74127
2.0-3.0,OTHERS,RANGAREDDY,537,ANDHRA PRADESH,36,24844,58940,11182,21984,33166
2.0-3.0,OTHERS,MAHABUBNAGAR,538,TELANGANA,37,77598,185319,55278,105848,161126
2.0-3.0,OTHERS,NALGONDA,539,TELANGANA,37,57527,137211,85580,49517,135097
2.0-3.0,OTHERS,WARANGAL,540,TELANGANA,37,34115,81362,62084,23013,85098
2.0-3.0,OTHERS,KHAMMAM,541,TELANGANA,37,23470,55827,40869,26758,67627
2.0-3.0,OTHERS,SRIKAKULAM,542,ANDHRA PRADESH,36,14935,35750,39328,20403,59731
2.0-3.0,OTHERS,VIZIANAGARAM,543,ANDHRA PRADESH,36,15783,37896,19929,20966,40895
2.0-3.0,OTHERS,VISAKHAPATNAM,544,ANDHRA PRADESH,36,9680,22607,15981,11591,27571
2.0-3.0,OTHERS,EAST GODAVARI,545,ANDHRA PRADESH,36,19685,46786,55584,18375,73960
2.0-3.0,OTHERS,WEST GODAVARI,546,ANDHRA PRADESH,36,24435,58214,97069,3318,100387
2.0-3.0,OTHERS,KRISHNA,547,ANDHRA PRADESH,36,29567,71025,63952,42474,106426
2.0-3.0,OTHERS,GUNTUR,548,ANDHRA PRADESH,36,40157,96105,89720,39749,129469
2.0-3.0,OTHERS,PRAKASAM,549,ANDHRA PRADESH,36,62026,146621,48478,85616,134093
2.0-3.0,OTHERS,NELLORE,550,ANDHRA PRADESH,36,26589,62871,64930,16200,81130
2.0-3.0,OTHERS,KADAPA,551,ANDHRA PRADESH,36,45056,106058,30701,69617,100319
2.0-3.0,OTHERS,KURNOOL,552,ANDHRA PRADESH,36,72022,172226,39283,128952,168235
2.0-3.0,OTHERS,ANANTHAPUR,553,ANDHRA PRADESH,36,120864,280184,35088,224162,259251
2.0-3.0,OTHERS,CHITTOOR,554,ANDHRA PRADESH,36,39371,92660,31200,35445,66645
2.0-3.0,SCHEDULED TRIBES,ADILABAD,532,TELANGANA,37,21510,49174,1299,40988,42287
2.0-3.0,SCHEDULED TRIBES,NIZAMABAD,533,TELANGANA,37,1741,3935,3074,2133,5207
2.0-3.0,SCHEDULED TRIBES,KARIMNAGAR,534,TELANGANA,37,958,2225,1278,744,2022
2.0-3.0,SCHEDULED TRIBES,MEDAK,535,TELANGANA,37,2399,5555,1610,3493,5104
2.0-3.0,SCHEDULED TRIBES,RANGAREDDY,537,ANDHRA PRADESH,36,2635,6075,1394,2507,3901
2.0-3.0,SCHEDULED TRIBES,MAHABUBNAGAR,538,TELANGANA,37,7937,18626,4454,11087,15541
2.0-3.0,SCHEDULED TRIBES,NALGONDA,539,TELANGANA,37,5981,14088,6449,5941,12389
2.0-3.0,SCHEDULED TRIBES,WARANGAL,540,TELANGANA,37,6202,14709,12005,5008,17012
2.0-3.0,SCHEDULED TRIBES,KHAMMAM,541,TELANGANA,37,15500,36143,10709,23967,34676
2.0-3.0,SCHEDULED TRIBES,SRIKAKULAM,542,ANDHRA PRADESH,36,1358,3164,811,1935,2746
2.0-3.0,SCHEDULED TRIBES,VIZIANAGARAM,543,ANDHRA PRADESH,36,2401,5686,1044,4512,5556
2.0-3.0,SCHEDULED TRIBES,VISAKHAPATNAM,544,ANDHRA PRADESH,36,12921,31203,8773,19064,27837
2.0-3.0,SCHEDULED TRIBES,EAST GODAVARI,545,ANDHRA PRADESH,36,6323,15032,5870,3992,9862
2.0-3.0,SCHEDULED TRIBES,WEST GODAVARI,546,ANDHRA PRADESH,36,1852,4399,2950,1478,4428
2.0-3.0,SCHEDULED TRIBES,KRISHNA,547,ANDHRA PRADESH,36,498,1213,338,682,1020
2.0-3.0,SCHEDULED TRIBES,GUNTUR,548,ANDHRA PRADESH,36,1314,3037,2049,994,3043
2.0-3.0,SCHEDULED TRIBES,PRAKASAM,549,ANDHRA PRADESH,36,926,2088,879,764,1643
2.0-3.0,SCHEDULED TRIBES,NELLORE,550,ANDHRA PRADESH,36,603,1362,1298,224,1522
2.0-3.0,SCHEDULED TRIBES,KADAPA,551,ANDHRA PRADESH,36,529,1186,376,503,879
2.0-3.0,SCHEDULED TRIBES,KURNOOL,552,ANDHRA PRADESH,36,1320,3071,571,2088,2659
2.0-3.0,SCHEDULED TRIBES,ANANTHAPUR,553,ANDHRA PRADESH,36,5605,12508,1979,9779,11758
2.0-3.0,SCHEDULED TRIBES,CHITTOOR,554,ANDHRA PRADESH,36,746,1724,284,850,1134
2.0-3.0,ALL SOCIAL GROUPS,ADILABAD,532,TELANGANA,37,69592,159956,15788,131305,147092
2.0-3.0,ALL SOCIAL GROUPS,NIZAMABAD,533,TELANGANA,37,26734,62775,53911,31603,85514
2.0-3.0,ALL SOCIAL GROUPS,KARIMNAGAR,534,TELANGANA,37,41805,99454,87518,24164,111682
2.0-3.0,ALL SOCIAL GROUPS,MEDAK,535,TELANGANA,37,39832,94259,36084,50811,86895
2.0-3.0,ALL SOCIAL GROUPS,RANGAREDDY,537,ANDHRA PRADESH,36,30714,72584,13533,28400,41934
2.0-3.0,ALL SOCIAL GROUPS,MAHABUBNAGAR,538,TELANGANA,37,93535,222795,64537,128898,193435
2.0-3.0,ALL SOCIAL GROUPS,NALGONDA,539,TELANGANA,37,66832,159146,95810,58560,154370
2.0-3.0,ALL SOCIAL GROUPS,WARANGAL,540,TELANGANA,37,43030,102538,78477,30203,108680
2.0-3.0,ALL SOCIAL GROUPS,KHAMMAM,541,TELANGANA,37,40613,95762,53659,52511,106171
2.0-3.0,ALL SOCIAL GROUPS,SRIKAKULAM,542,ANDHRA PRADESH,36,16525,39469,40537,22570,63107
2.0-3.0,ALL SOCIAL GROUPS,VIZIANAGARAM,543,ANDHRA PRADESH,36,18622,44598,21471,25897,47368
2.0-3.0,ALL SOCIAL GROUPS,VISAKHAPATNAM,544,ANDHRA PRADESH,36,22837,54345,25030,30875,55905
2.0-3.0,ALL SOCIAL GROUPS,EAST GODAVARI,545,ANDHRA PRADESH,36,26647,63350,62628,22978,85606
2.0-3.0,ALL SOCIAL GROUPS,WEST GODAVARI,546,ANDHRA PRADESH,36,27350,65100,103168,4845,108012
2.0-3.0,ALL SOCIAL GROUPS,KRISHNA,547,ANDHRA PRADESH,36,31022,74510,65967,44383,110350
2.0-3.0,ALL SOCIAL GROUPS,GUNTUR,548,ANDHRA PRADESH,36,42683,102024,93874,41397,135271
2.0-3.0,ALL SOCIAL GROUPS,PRAKASAM,549,ANDHRA PRADESH,36,67980,159993,52561,91933,144494
2.0-3.0,ALL SOCIAL GROUPS,NELLORE,550,ANDHRA PRADESH,36,29454,69413,71055,17739,88794
2.0-3.0,ALL SOCIAL GROUPS,KADAPA,551,ANDHRA PRADESH,36,47623,111748,32694,71818,104511
2.0-3.0,ALL SOCIAL GROUPS,KURNOOL,552,ANDHRA PRADESH,36,79493,189678,42446,141751,184197
2.0-3.0,ALL SOCIAL GROUPS,ANANTHAPUR,553,ANDHRA PRADESH,36,136949,316065,38961,253393,292354
2.0-3.0,ALL SOCIAL GROUPS,CHITTOOR,554,ANDHRA PRADESH,36,42605,100037,33327,38540,71866
5.0-7.5,INSTITUTIONAL,ADILABAD,532,TELANGANA,37,3,19,3,9,12
5.0-7.5,INSTITUTIONAL,NIZAMABAD,533,TELANGANA,37,11,73,36,0,36
5.0-7.5,INSTITUTIONAL,KARIMNAGAR,534,TELANGANA,37,3,19,6,3,10
5.0-7.5,INSTITUTIONAL,MEDAK,535,TELANGANA,37,12,70,21,22,43
5.0-7.5,INSTITUTIONAL,RANGAREDDY,537,ANDHRA PRADESH,36,13,77,26,5,31
5.0-7.5,INSTITUTIONAL,MAHABUBNAGAR,538,TELANGANA,37,3,19,0,9,9
5.0-7.5,INSTITUTIONAL,NALGONDA,539,TELANGANA,37,10,64,61,11,72
5.0-7.5,INSTITUTIONAL,WARANGAL,540,TELANGANA,37,1,5,3,0,3
5.0-7.5,INSTITUTIONAL,KHAMMAM,541,TELANGANA,37,20,128,71,23,94
5.0-7.5,INSTITUTIONAL,SRIKAKULAM,542,ANDHRA PRADESH,36,35,210,137,80,217
5.0-7.5,INSTITUTIONAL,VIZIANAGARAM,543,ANDHRA PRADESH,36,15,91,28,15,43
5.0-7.5,INSTITUTIONAL,VISAKHAPATNAM,544,ANDHRA PRADESH,36,15,93,25,40,65
5.0-7.5,INSTITUTIONAL,EAST GODAVARI,545,ANDHRA PRADESH,36,36,229,186,53,238
5.0-7.5,INSTITUTIONAL,WEST GODAVARI,546,ANDHRA PRADESH,36,77,469,541,4,545
5.0-7.5,INSTITUTIONAL,KRISHNA,547,ANDHRA PRADESH,36,3,19,10,3,13
5.0-7.5,INSTITUTIONAL,GUNTUR,548,ANDHRA PRADESH,36,98,603,293,249,542
5.0-7.5,INSTITUTIONAL,PRAKASAM,549,ANDHRA PRADESH,36,25,150,6,57,63
5.0-7.5,INSTITUTIONAL,NELLORE,550,ANDHRA PRADESH,36,46,275,172,18,190
5.0-7.5,INSTITUTIONAL,KADAPA,551,ANDHRA PRADESH,36,0,0,0,0,0
5.0-7.5,INSTITUTIONAL,KURNOOL,552,ANDHRA PRADESH,36,8,50,35,7,43
5.0-7.5,INSTITUTIONAL,ANANTHAPUR,553,ANDHRA PRADESH,36,99,608,23,464,487
5.0-7.5,INSTITUTIONAL,CHITTOOR,554,ANDHRA PRADESH,36,2,14,4,3,7
5.0-7.5,SCHEDULED CASTE,ADILABAD,532,TELANGANA,37,882,5291,258,4059,4317
5.0-7.5,SCHEDULED CASTE,NIZAMABAD,533,TELANGANA,37,70,417,181,146,327
5.0-7.5,SCHEDULED CASTE,KARIMNAGAR,534,TELANGANA,37,201,1184,656,262,917
5.0-7.5,SCHEDULED CASTE,MEDAK,535,TELANGANA,37,239,1420,318,770,1087
5.0-7.5,SCHEDULED CASTE,RANGAREDDY,537,ANDHRA PRADESH,36,252,1507,203,629,832
5.0-7.5,SCHEDULED CASTE,MAHABUBNAGAR,538,TELANGANA,37,648,3834,806,1999,2805
5.0-7.5,SCHEDULED CASTE,NALGONDA,539,TELANGANA,37,256,1532,559,339,898
5.0-7.5,SCHEDULED CASTE,WARANGAL,540,TELANGANA,37,339,2032,956,803,1759
5.0-7.5,SCHEDULED CASTE,KHAMMAM,541,TELANGANA,37,142,829,443,255,699
5.0-7.5,SCHEDULED CASTE,SRIKAKULAM,542,ANDHRA PRADESH,36,8,49,19,6,25
5.0-7.5,SCHEDULED CASTE,VIZIANAGARAM,543,ANDHRA PRADESH,36,38,229,58,105,163
5.0-7.5,SCHEDULED CASTE,VISAKHAPATNAM,544,ANDHRA PRADESH,36,35,195,63,46,109
5.0-7.5,SCHEDULED CASTE,EAST GODAVARI,545,ANDHRA PRADESH,36,50,293,147,59,206
5.0-7.5,SCHEDULED CASTE,WEST GODAVARI,546,ANDHRA PRADESH,36,111,637,620,65,684
5.0-7.5,SCHEDULED CASTE,KRISHNA,547,ANDHRA PRADESH,36,105,634,307,314,620
5.0-7.5,SCHEDULED CASTE,GUNTUR,548,ANDHRA PRADESH,36,99,583,387,85,472
5.0-7.5,SCHEDULED CASTE,PRAKASAM,549,ANDHRA PRADESH,36,192,1117,213,437,650
5.0-7.5,SCHEDULED CASTE,NELLORE,550,ANDHRA PRADESH,36,124,741,468,212,680
5.0-7.5,SCHEDULED CASTE,KADAPA,551,ANDHRA PRADESH,36,63,365,37,186,222
5.0-7.5,SCHEDULED CASTE,KURNOOL,552,ANDHRA PRADESH,36,903,5278,1192,2958,4150
5.0-7.5,SCHEDULED CASTE,ANANTHAPUR,553,ANDHRA PRADESH,36,456,2681,220,1824,2045
5.0-7.5,SCHEDULED CASTE,CHITTOOR,554,ANDHRA PRADESH,36,102,615,249,211,460
5.0-7.5,OTHERS,ADILABAD,532,TELANGANA,37,6273,37611,4100,29755,33855
5.0-7.5,OTHERS,NIZAMABAD,533,TELANGANA,37,2390,14233,11298,6814,18113
5.0-7.5,OTHERS,KARIMNAGAR,534,TELANGANA,37,5119,30571,21971,5382,27353
5.0-7.5,OTHERS,MEDAK,535,TELANGANA,37,5856,35164,9399,19387,28786
5.0-7.5,OTHERS,RANGAREDDY,537,ANDHRA PRADESH,36,4452,26811,4800,8158,12959
5.0-7.5,OTHERS,MAHABUBNAGAR,538,TELANGANA,37,12803,76975,23589,39322,62911
5.0-7.5,OTHERS,NALGONDA,539,TELANGANA,37,10088,60275,34736,18650,53386
5.0-7.5,OTHERS,WARANGAL,540,TELANGANA,37,5223,31330,18671,9375,28045
5.0-7.5,OTHERS,KHAMMAM,541,TELANGANA,37,4043,24180,15781,11400,27181
5.0-7.5,OTHERS,SRIKAKULAM,542,ANDHRA PRADESH,36,1756,10395,10616,5484,16100
5.0-7.5,OTHERS,VIZIANAGARAM,543,ANDHRA PRADESH,36,2491,14850,6102,8675,14776
5.0-7.5,OTHERS,VISAKHAPATNAM,544,ANDHRA PRADESH,36,1318,7800,4469,3885,8353
5.0-7.5,OTHERS,EAST GODAVARI,545,ANDHRA PRADESH,36,2629,15589,14129,6450,20579
5.0-7.5,OTHERS,WEST GODAVARI,546,ANDHRA PRADESH,36,4142,24754,34807,1417,36224
5.0-7.5,OTHERS,KRISHNA,547,ANDHRA PRADESH,36,4955,29678,22968,16524,39491
5.0-7.5,OTHERS,GUNTUR,548,ANDHRA PRADESH,36,5057,29709,24934,10387,35322
5.0-7.5,OTHERS,PRAKASAM,549,ANDHRA PRADESH,36,10562,63224,15474,34670,50145
5.0-7.5,OTHERS,NELLORE,550,ANDHRA PRADESH,36,5364,32207,24422,9475,33897
5.0-7.5,OTHERS,KADAPA,551,ANDHRA PRADESH,36,5102,30181,7184,20134,27318
5.0-7.5,OTHERS,KURNOOL,552,ANDHRA PRADESH,36,18686,112269,26456,76350,102806
5.0-7.5,OTHERS,ANANTHAPUR,553,ANDHRA PRADESH,36,18870,112921,19343,78651,97994
5.0-7.5,OTHERS,CHITTOOR,554,ANDHRA PRADESH,36,4514,26965,9298,8855,18153
5.0-7.5,SCHEDULED TRIBES,ADILABAD,532,TELANGANA,37,2372,14197,300,10628,10928
5.0-7.5,SCHEDULED TRIBES,NIZAMABAD,533,TELANGANA,37,44,261,54,114,168
5.0-7.5,SCHEDULED TRIBES,KARIMNAGAR,534,TELANGANA,37,74,432,177,36,212
5.0-7.5,SCHEDULED TRIBES,MEDAK,535,TELANGANA,37,258,1531,108,995,1103
5.0-7.5,SCHEDULED TRIBES,RANGAREDDY,537,ANDHRA PRADESH,36,196,1162,171,448,619
5.0-7.5,SCHEDULED TRIBES,MAHABUBNAGAR,538,TELANGANA,37,647,3879,688,1972,2660
5.0-7.5,SCHEDULED TRIBES,NALGONDA,539,TELANGANA,37,561,3326,1379,1085,2464
5.0-7.5,SCHEDULED TRIBES,WARANGAL,540,TELANGANA,37,689,4153,2636,1105,3740
5.0-7.5,SCHEDULED TRIBES,KHAMMAM,541,TELANGANA,37,1676,9964,2510,6278,8788
5.0-7.5,SCHEDULED TRIBES,SRIKAKULAM,542,ANDHRA PRADESH,36,119,699,134,335,468
5.0-7.5,SCHEDULED TRIBES,VIZIANAGARAM,543,ANDHRA PRADESH,36,314,1877,379,1357,1736
5.0-7.5,SCHEDULED TRIBES,VISAKHAPATNAM,544,ANDHRA PRADESH,36,3638,21890,5775,11046,16820
5.0-7.5,SCHEDULED TRIBES,EAST GODAVARI,545,ANDHRA PRADESH,36,1885,11338,2198,2742,4939
5.0-7.5,SCHEDULED TRIBES,WEST GODAVARI,546,ANDHRA PRADESH,36,334,1992,1562,548,2109
5.0-7.5,SCHEDULED TRIBES,KRISHNA,547,ANDHRA PRADESH,36,39,238,109,86,195
5.0-7.5,SCHEDULED TRIBES,GUNTUR,548,ANDHRA PRADESH,36,73,426,92,108,200
5.0-7.5,SCHEDULED TRIBES,PRAKASAM,549,ANDHRA PRADESH,36,48,276,81,86,168
5.0-7.5,SCHEDULED TRIBES,NELLORE,550,ANDHRA PRADESH,36,28,166,157,7,165
5.0-7.5,SCHEDULED TRIBES,KADAPA,551,ANDHRA PRADESH,36,22,128,48,51,99
5.0-7.5,SCHEDULED TRIBES,KURNOOL,552,ANDHRA PRADESH,36,192,1135,131,780,911
5.0-7.5,SCHEDULED TRIBES,ANANTHAPUR,553,ANDHRA PRADESH,36,302,1780,270,1139,1409
5.0-7.5,SCHEDULED TRIBES,CHITTOOR,554,ANDHRA PRADESH,36,29,166,41,78,119
5.0-7.5,ALL SOCIAL GROUPS,ADILABAD,532,TELANGANA,37,9530,57118,4661,44451,49112
5.0-7.5,ALL SOCIAL GROUPS,NIZAMABAD,533,TELANGANA,37,2515,14984,11570,7074,18644
5.0-7.5,ALL SOCIAL GROUPS,KARIMNAGAR,534,TELANGANA,37,5397,32207,22810,5682,28492
5.0-7.5,ALL SOCIAL GROUPS,MEDAK,535,TELANGANA,37,6365,38185,9846,21174,31019
5.0-7.5,ALL SOCIAL GROUPS,RANGAREDDY,537,ANDHRA PRADESH,36,4913,29558,5201,9240,14441
5.0-7.5,ALL SOCIAL GROUPS,MAHABUBNAGAR,538,TELANGANA,37,14101,84707,25083,43303,68385
5.0-7.5,ALL SOCIAL GROUPS,NALGONDA,539,TELANGANA,37,10915,65198,36736,20085,56820
5.0-7.5,ALL SOCIAL GROUPS,WARANGAL,540,TELANGANA,37,6252,37520,22265,11282,33547
5.0-7.5,ALL SOCIAL GROUPS,KHAMMAM,541,TELANGANA,37,5881,35101,18806,17955,36761
5.0-7.5,ALL SOCIAL GROUPS,SRIKAKULAM,542,ANDHRA PRADESH,36,1918,11354,10905,5905,16810
5.0-7.5,ALL SOCIAL GROUPS,VIZIANAGARAM,543,ANDHRA PRADESH,36,2858,17046,6567,10151,16718
5.0-7.5,ALL SOCIAL GROUPS,VISAKHAPATNAM,544,ANDHRA PRADESH,36,5006,29978,10331,15016,25348
5.0-7.5,ALL SOCIAL GROUPS,EAST GODAVARI,545,ANDHRA PRADESH,36,4600,27449,16660,9303,25962
5.0-7.5,ALL SOCIAL GROUPS,WEST GODAVARI,546,ANDHRA PRADESH,36,4664,27852,37530,2033,39563
5.0-7.5,ALL SOCIAL GROUPS,KRISHNA,547,ANDHRA PRADESH,36,5102,30569,23394,16927,40320
5.0-7.5,ALL SOCIAL GROUPS,GUNTUR,548,ANDHRA PRADESH,36,5327,31322,25707,10830,36537
5.0-7.5,ALL SOCIAL GROUPS,PRAKASAM,549,ANDHRA PRADESH,36,10827,64768,15774,35251,51026
5.0-7.5,ALL SOCIAL GROUPS,NELLORE,550,ANDHRA PRADESH,36,5562,33390,25219,9712,34931
5.0-7.5,ALL SOCIAL GROUPS,KADAPA,551,ANDHRA PRADESH,36,5187,30674,7269,20371,27639
5.0-7.5,ALL SOCIAL GROUPS,KURNOOL,552,ANDHRA PRADESH,36,19789,118732,27813,80096,107909
5.0-7.5,ALL SOCIAL GROUPS,ANANTHAPUR,553,ANDHRA PRADESH,36,19727,117990,19856,82078,101934
5.0-7.5,ALL SOCIAL GROUPS,CHITTOOR,554,ANDHRA PRADESH,36,4647,27759,9592,9147,18739
4.0-5.0,INSTITUTIONAL,ADILABAD,532,TELANGANA,37,2,9,0,5,5
4.0-5.0,INSTITUTIONAL,NIZAMABAD,533,TELANGANA,37,2,8,2,0,2
4.0-5.0,INSTITUTIONAL,KARIMNAGAR,534,TELANGANA,37,3,14,5,2,7
4.0-5.0,INSTITUTIONAL,MEDAK,535,TELANGANA,37,10,44,6,11,18
4.0-5.0,INSTITUTIONAL,RANGAREDDY,537,ANDHRA PRADESH,36,15,67,25,6,31
4.0-5.0,INSTITUTIONAL,MAHABUBNAGAR,538,TELANGANA,37,0,0,0,0,0
4.0-5.0,INSTITUTIONAL,NALGONDA,539,TELANGANA,37,4,17,18,0,18
4.0-5.0,INSTITUTIONAL,WARANGAL,540,TELANGANA,37,0,0,0,0,0
4.0-5.0,INSTITUTIONAL,KHAMMAM,541,TELANGANA,37,7,32,23,5,28
4.0-5.0,INSTITUTIONAL,SRIKAKULAM,542,ANDHRA PRADESH,36,37,165,115,22,137
4.0-5.0,INSTITUTIONAL,VIZIANAGARAM,543,ANDHRA PRADESH,36,7,32,4,15,19
4.0-5.0,INSTITUTIONAL,VISAKHAPATNAM,544,ANDHRA PRADESH,36,17,75,42,4,45
4.0-5.0,INSTITUTIONAL,EAST GODAVARI,545,ANDHRA PRADESH,36,37,163,138,18,156
4.0-5.0,INSTITUTIONAL,WEST GODAVARI,546,ANDHRA PRADESH,36,53,237,219,14,233
4.0-5.0,INSTITUTIONAL,KRISHNA,547,ANDHRA PRADESH,36,0,0,0,0,0
4.0-5.0,INSTITUTIONAL,GUNTUR,548,ANDHRA PRADESH,36,81,364,197,144,341
4.0-5.0,INSTITUTIONAL,PRAKASAM,549,ANDHRA PRADESH,36,12,54,4,31,36
4.0-5.0,INSTITUTIONAL,NELLORE,550,ANDHRA PRADESH,36,26,113,148,2,150
4.0-5.0,INSTITUTIONAL,KADAPA,551,ANDHRA PRADESH,36,1,4,2,0,2
4.0-5.0,INSTITUTIONAL,KURNOOL,552,ANDHRA PRADESH,36,6,26,4,9,13
4.0-5.0,INSTITUTIONAL,ANANTHAPUR,553,ANDHRA PRADESH,36,59,269,13,213,226
4.0-5.0,INSTITUTIONAL,CHITTOOR,554,ANDHRA PRADESH,36,1,5,2,0,2
4.0-5.0,SCHEDULED CASTE,ADILABAD,532,TELANGANA,37,1093,4811,164,4086,4250
4.0-5.0,SCHEDULED CASTE,NIZAMABAD,533,TELANGANA,37,130,573,287,373,660
4.0-5.0,SCHEDULED CASTE,KARIMNAGAR,534,TELANGANA,37,306,1344,842,274,1115
4.0-5.0,SCHEDULED CASTE,MEDAK,535,TELANGANA,37,318,1403,353,838,1191
4.0-5.0,SCHEDULED CASTE,RANGAREDDY,537,ANDHRA PRADESH,36,345,1527,241,701,942
4.0-5.0,SCHEDULED CASTE,MAHABUBNAGAR,538,TELANGANA,37,1162,5158,1220,3035,4255
4.0-5.0,SCHEDULED CASTE,NALGONDA,539,TELANGANA,37,393,1739,696,584,1280
4.0-5.0,SCHEDULED CASTE,WARANGAL,540,TELANGANA,37,575,2554,1186,1015,2201
4.0-5.0,SCHEDULED CASTE,KHAMMAM,541,TELANGANA,37,259,1133,336,579,915
4.0-5.0,SCHEDULED CASTE,SRIKAKULAM,542,ANDHRA PRADESH,36,17,75,41,9,50
4.0-5.0,SCHEDULED CASTE,VIZIANAGARAM,543,ANDHRA PRADESH,36,73,320,122,55,177
4.0-5.0,SCHEDULED CASTE,VISAKHAPATNAM,544,ANDHRA PRADESH,36,36,159,43,57,101
4.0-5.0,SCHEDULED CASTE,EAST GODAVARI,545,ANDHRA PRADESH,36,101,450,158,204,362
4.0-5.0,SCHEDULED CASTE,WEST GODAVARI,546,ANDHRA PRADESH,36,100,443,304,20,324
4.0-5.0,SCHEDULED CASTE,KRISHNA,547,ANDHRA PRADESH,36,180,796,416,188,603
4.0-5.0,SCHEDULED CASTE,GUNTUR,548,ANDHRA PRADESH,36,220,967,527,123,649
4.0-5.0,SCHEDULED CASTE,PRAKASAM,549,ANDHRA PRADESH,36,338,1481,243,653,896
4.0-5.0,SCHEDULED CASTE,NELLORE,550,ANDHRA PRADESH,36,229,999,758,172,930
4.0-5.0,SCHEDULED CASTE,KADAPA,551,ANDHRA PRADESH,36,74,328,40,156,196
4.0-5.0,SCHEDULED CASTE,KURNOOL,552,ANDHRA PRADESH,36,1135,5063,1265,2998,4263
4.0-5.0,SCHEDULED CASTE,ANANTHAPUR,553,ANDHRA PRADESH,36,585,2598,208,1761,1969
4.0-5.0,SCHEDULED CASTE,CHITTOOR,554,ANDHRA PRADESH,36,131,578,140,221,362
4.0-5.0,OTHERS,ADILABAD,532,TELANGANA,37,6692,29659,3787,23787,27574
4.0-5.0,OTHERS,NIZAMABAD,533,TELANGANA,37,2968,13100,10004,7020,17023
4.0-5.0,OTHERS,KARIMNAGAR,534,TELANGANA,37,6545,29009,23808,4609,28418
4.0-5.0,OTHERS,MEDAK,535,TELANGANA,37,6313,27952,9352,15076,24428
4.0-5.0,OTHERS,RANGAREDDY,537,ANDHRA PRADESH,36,4732,20941,3796,6906,10702
4.0-5.0,OTHERS,MAHABUBNAGAR,538,TELANGANA,37,14749,65567,21073,34218,55290
4.0-5.0,OTHERS,NALGONDA,539,TELANGANA,37,11525,51062,29828,17237,47065
4.0-5.0,OTHERS,WARANGAL,540,TELANGANA,37,6739,29915,17724,9682,27407
4.0-5.0,OTHERS,KHAMMAM,541,TELANGANA,37,5118,22606,15541,10440,25980
4.0-5.0,OTHERS,SRIKAKULAM,542,ANDHRA PRADESH,36,2590,11459,13279,5513,18792
4.0-5.0,OTHERS,VIZIANAGARAM,543,ANDHRA PRADESH,36,3260,14454,7418,7818,15237
4.0-5.0,OTHERS,VISAKHAPATNAM,544,ANDHRA PRADESH,36,1502,6615,4400,3200,7600
4.0-5.0,OTHERS,EAST GODAVARI,545,ANDHRA PRADESH,36,3504,15456,15987,6514,22501
4.0-5.0,OTHERS,WEST GODAVARI,546,ANDHRA PRADESH,36,4710,20810,31908,1597,33505
4.0-5.0,OTHERS,KRISHNA,547,ANDHRA PRADESH,36,6321,27986,23506,15577,39083
4.0-5.0,OTHERS,GUNTUR,548,ANDHRA PRADESH,36,7419,32906,29461,11483,40944
4.0-5.0,OTHERS,PRAKASAM,549,ANDHRA PRADESH,36,11581,51353,13184,29144,42329
4.0-5.0,OTHERS,NELLORE,550,ANDHRA PRADESH,36,5665,25101,23405,6174,29579
4.0-5.0,OTHERS,KADAPA,551,ANDHRA PRADESH,36,6462,28666,7593,20093,27686
4.0-5.0,OTHERS,KURNOOL,552,ANDHRA PRADESH,36,18829,83777,18676,58516,77193
4.0-5.0,OTHERS,ANANTHAPUR,553,ANDHRA PRADESH,36,19378,85789,15251,61596,76846
4.0-5.0,OTHERS,CHITTOOR,554,ANDHRA PRADESH,36,5318,23533,8596,7870,16466
4.0-5.0,SCHEDULED TRIBES,ADILABAD,532,TELANGANA,37,3925,16969,275,13245,13520
4.0-5.0,SCHEDULED TRIBES,NIZAMABAD,533,TELANGANA,37,70,309,179,81,260
4.0-5.0,SCHEDULED TRIBES,KARIMNAGAR,534,TELANGANA,37,140,618,339,98,437
4.0-5.0,SCHEDULED TRIBES,MEDAK,535,TELANGANA,37,258,1152,172,781,953
4.0-5.0,SCHEDULED TRIBES,RANGAREDDY,537,ANDHRA PRADESH,36,286,1265,271,544,815
4.0-5.0,SCHEDULED TRIBES,MAHABUBNAGAR,538,TELANGANA,37,1055,4664,1015,2150,3165
4.0-5.0,SCHEDULED TRIBES,NALGONDA,539,TELANGANA,37,726,3214,1416,1158,2574
4.0-5.0,SCHEDULED TRIBES,WARANGAL,540,TELANGANA,37,1152,5130,4118,1708,5826
4.0-5.0,SCHEDULED TRIBES,KHAMMAM,541,TELANGANA,37,2565,11207,2500,7417,9918
4.0-5.0,SCHEDULED TRIBES,SRIKAKULAM,542,ANDHRA PRADESH,36,170,752,195,295,490
4.0-5.0,SCHEDULED TRIBES,VIZIANAGARAM,543,ANDHRA PRADESH,36,412,1806,566,1115,1682
4.0-5.0,SCHEDULED TRIBES,VISAKHAPATNAM,544,ANDHRA PRADESH,36,3508,15596,3343,9552,12894
4.0-5.0,SCHEDULED TRIBES,EAST GODAVARI,545,ANDHRA PRADESH,36,1851,8225,2143,2023,4165
4.0-5.0,SCHEDULED TRIBES,WEST GODAVARI,546,ANDHRA PRADESH,36,369,1641,1227,262,1489
4.0-5.0,SCHEDULED TRIBES,KRISHNA,547,ANDHRA PRADESH,36,64,284,67,82,150
4.0-5.0,SCHEDULED TRIBES,GUNTUR,548,ANDHRA PRADESH,36,159,704,309,258,567
4.0-5.0,SCHEDULED TRIBES,PRAKASAM,549,ANDHRA PRADESH,36,68,301,89,123,212
4.0-5.0,SCHEDULED TRIBES,NELLORE,550,ANDHRA PRADESH,36,56,247,100,69,168
4.0-5.0,SCHEDULED TRIBES,KADAPA,551,ANDHRA PRADESH,36,41,184,25,91,115
4.0-5.0,SCHEDULED TRIBES,KURNOOL,552,ANDHRA PRADESH,36,289,1278,98,764,863
4.0-5.0,SCHEDULED TRIBES,ANANTHAPUR,553,ANDHRA PRADESH,36,317,1389,69,994,1064
4.0-5.0,SCHEDULED TRIBES,CHITTOOR,554,ANDHRA PRADESH,36,37,164,13,90,103
4.0-5.0,ALL SOCIAL GROUPS,ADILABAD,532,TELANGANA,37,11712,51449,4227,41123,45349
4.0-5.0,ALL SOCIAL GROUPS,NIZAMABAD,533,TELANGANA,37,3170,13990,10472,7473,17945
4.0-5.0,ALL SOCIAL GROUPS,KARIMNAGAR,534,TELANGANA,37,6994,30985,24994,4983,29977
4.0-5.0,ALL SOCIAL GROUPS,MEDAK,535,TELANGANA,37,6899,30551,9884,16705,26590
4.0-5.0,ALL SOCIAL GROUPS,RANGAREDDY,537,ANDHRA PRADESH,36,5378,23800,4333,8156,12489
4.0-5.0,ALL SOCIAL GROUPS,MAHABUBNAGAR,538,TELANGANA,37,16966,75389,23308,39403,62711
4.0-5.0,ALL SOCIAL GROUPS,NALGONDA,539,TELANGANA,37,12648,56031,31958,18979,50937
4.0-5.0,ALL SOCIAL GROUPS,WARANGAL,540,TELANGANA,37,8466,37599,23029,12405,35434
4.0-5.0,ALL SOCIAL GROUPS,KHAMMAM,541,TELANGANA,37,7949,34978,18400,18441,36841
4.0-5.0,ALL SOCIAL GROUPS,SRIKAKULAM,542,ANDHRA PRADESH,36,2814,12451,13631,5839,19469
4.0-5.0,ALL SOCIAL GROUPS,VIZIANAGARAM,543,ANDHRA PRADESH,36,3752,16613,8111,9004,17115
4.0-5.0,ALL SOCIAL GROUPS,VISAKHAPATNAM,544,ANDHRA PRADESH,36,5063,22446,7828,12812,20640
4.0-5.0,ALL SOCIAL GROUPS,EAST GODAVARI,545,ANDHRA PRADESH,36,5493,24295,18425,8760,27185
4.0-5.0,ALL SOCIAL GROUPS,WEST GODAVARI,546,ANDHRA PRADESH,36,5232,23131,33659,1893,35551
4.0-5.0,ALL SOCIAL GROUPS,KRISHNA,547,ANDHRA PRADESH,36,6565,29066,23989,15847,39836
4.0-5.0,ALL SOCIAL GROUPS,GUNTUR,548,ANDHRA PRADESH,36,7879,34941,30494,12008,42502
4.0-5.0,ALL SOCIAL GROUPS,PRAKASAM,549,ANDHRA PRADESH,36,11999,53189,13521,29952,43473
4.0-5.0,ALL SOCIAL GROUPS,NELLORE,550,ANDHRA PRADESH,36,5976,26460,24410,6417,30828
4.0-5.0,ALL SOCIAL GROUPS,KADAPA,551,ANDHRA PRADESH,36,6578,29182,7659,20340,27999
4.0-5.0,ALL SOCIAL GROUPS,KURNOOL,552,ANDHRA PRADESH,36,20259,90144,20044,62287,82331
4.0-5.0,ALL SOCIAL GROUPS,ANANTHAPUR,553,ANDHRA PRADESH,36,20339,90044,15540,64564,80104
4.0-5.0,ALL SOCIAL GROUPS,CHITTOOR,554,ANDHRA PRADESH,36,5487,24280,8752,8181,16933
10.0-20.0,INSTITUTIONAL,ADILABAD,532,TELANGANA,37,4,52,0,26,26
10.0-20.0,INSTITUTIONAL,NIZAMABAD,533,TELANGANA,37,6,78,44,0,44
10.0-20.0,INSTITUTIONAL,KARIMNAGAR,534,TELANGANA,37,2,24,12,0,12
10.0-20.0,INSTITUTIONAL,MEDAK,535,TELANGANA,37,24,365,58,100,158
10.0-20.0,INSTITUTIONAL,RANGAREDDY,537,ANDHRA PRADESH,36,29,390,91,46,138
10.0-20.0,INSTITUTIONAL,MAHABUBNAGAR,538,TELANGANA,37,3,51,9,7,16
10.0-20.0,INSTITUTIONAL,NALGONDA,539,TELANGANA,37,13,200,57,45,102
10.0-20.0,INSTITUTIONAL,WARANGAL,540,TELANGANA,37,0,0,0,0,0
10.0-20.0,INSTITUTIONAL,KHAMMAM,541,TELANGANA,37,16,211,69,57,126
10.0-20.0,INSTITUTIONAL,SRIKAKULAM,542,ANDHRA PRADESH,36,47,657,274,143,418
10.0-20.0,INSTITUTIONAL,VIZIANAGARAM,543,ANDHRA PRADESH,36,20,283,76,93,169
10.0-20.0,INSTITUTIONAL,VISAKHAPATNAM,544,ANDHRA PRADESH,36,12,184,56,56,112
10.0-20.0,INSTITUTIONAL,EAST GODAVARI,545,ANDHRA PRADESH,36,43,603,385,58,444
10.0-20.0,INSTITUTIONAL,WEST GODAVARI,546,ANDHRA PRADESH,36,59,784,625,15,640
10.0-20.0,INSTITUTIONAL,KRISHNA,547,ANDHRA PRADESH,36,3,39,5,16,21
10.0-20.0,INSTITUTIONAL,GUNTUR,548,ANDHRA PRADESH,36,98,1332,468,414,882
10.0-20.0,INSTITUTIONAL,PRAKASAM,549,ANDHRA PRADESH,36,18,248,14,145,159
10.0-20.0,INSTITUTIONAL,NELLORE,550,ANDHRA PRADESH,36,70,1037,511,140,652
10.0-20.0,INSTITUTIONAL,KADAPA,551,ANDHRA PRADESH,36,1,18,0,16,16
10.0-20.0,INSTITUTIONAL,KURNOOL,552,ANDHRA PRADESH,36,8,117,32,11,43
10.0-20.0,INSTITUTIONAL,ANANTHAPUR,553,ANDHRA PRADESH,36,75,1013,48,894,942
10.0-20.0,INSTITUTIONAL,CHITTOOR,554,ANDHRA PRADESH,36,11,150,15,58,73
10.0-20.0,SCHEDULED CASTE,ADILABAD,532,TELANGANA,37,149,1871,102,1226,1327
10.0-20.0,SCHEDULED CASTE,NIZAMABAD,533,TELANGANA,37,11,153,49,77,125
10.0-20.0,SCHEDULED CASTE,KARIMNAGAR,534,TELANGANA,37,21,269,160,31,192
10.0-20.0,SCHEDULED CASTE,MEDAK,535,TELANGANA,37,35,466,45,254,299
10.0-20.0,SCHEDULED CASTE,RANGAREDDY,537,ANDHRA PRADESH,36,28,347,82,81,163
10.0-20.0,SCHEDULED CASTE,MAHABUBNAGAR,538,TELANGANA,37,96,1204,160,541,701
10.0-20.0,SCHEDULED CASTE,NALGONDA,539,TELANGANA,37,31,368,144,80,224
10.0-20.0,SCHEDULED CASTE,WARANGAL,540,TELANGANA,37,61,770,243,324,567
10.0-20.0,SCHEDULED CASTE,KHAMMAM,541,TELANGANA,37,22,269,104,79,184
10.0-20.0,SCHEDULED CASTE,SRIKAKULAM,542,ANDHRA PRADESH,36,0,0,0,0,0
10.0-20.0,SCHEDULED CASTE,VIZIANAGARAM,543,ANDHRA PRADESH,36,5,54,25,33,58
10.0-20.0,SCHEDULED CASTE,VISAKHAPATNAM,544,ANDHRA PRADESH,36,7,81,22,18,40
10.0-20.0,SCHEDULED CASTE,EAST GODAVARI,545,ANDHRA PRADESH,36,14,173,53,34,87
10.0-20.0,SCHEDULED CASTE,WEST GODAVARI,546,ANDHRA PRADESH,36,17,214,171,8,180
10.0-20.0,SCHEDULED CASTE,KRISHNA,547,ANDHRA PRADESH,36,22,315,136,146,282
10.0-20.0,SCHEDULED CASTE,GUNTUR,548,ANDHRA PRADESH,36,32,438,220,5,225
10.0-20.0,SCHEDULED CASTE,PRAKASAM,549,ANDHRA PRADESH,36,37,441,48,88,135
10.0-20.0,SCHEDULED CASTE,NELLORE,550,ANDHRA PRADESH,36,32,440,153,160,313
10.0-20.0,SCHEDULED CASTE,KADAPA,551,ANDHRA PRADESH,36,21,253,50,154,204
10.0-20.0,SCHEDULED CASTE,KURNOOL,552,ANDHRA PRADESH,36,51,636,107,338,446
10.0-20.0,SCHEDULED CASTE,ANANTHAPUR,553,ANDHRA PRADESH,36,55,763,16,419,435
10.0-20.0,SCHEDULED CASTE,CHITTOOR,554,ANDHRA PRADESH,36,17,244,89,79,168
10.0-20.0,OTHERS,ADILABAD,532,TELANGANA,37,1284,16562,1701,11513,13214
10.0-20.0,OTHERS,NIZAMABAD,533,TELANGANA,37,364,4694,2786,1473,4260
10.0-20.0,OTHERS,KARIMNAGAR,534,TELANGANA,37,900,11498,6204,1645,7850
10.0-20.0,OTHERS,MEDAK,535,TELANGANA,37,1467,18877,3615,9545,13160
10.0-20.0,OTHERS,RANGAREDDY,537,ANDHRA PRADESH,36,1138,14870,2157,3149,5306
10.0-20.0,OTHERS,MAHABUBNAGAR,538,TELANGANA,37,3016,39558,9888,18582,28469
10.0-20.0,OTHERS,NALGONDA,539,TELANGANA,37,1924,24188,9368,6903,16272
10.0-20.0,OTHERS,WARANGAL,540,TELANGANA,37,1277,16713,5500,5431,10932
10.0-20.0,OTHERS,KHAMMAM,541,TELANGANA,37,757,9672,4048,5010,9058
10.0-20.0,OTHERS,SRIKAKULAM,542,ANDHRA PRADESH,36,279,3516,1651,2262,3913
10.0-20.0,OTHERS,VIZIANAGARAM,543,ANDHRA PRADESH,36,432,5615,1501,2835,4336
10.0-20.0,OTHERS,VISAKHAPATNAM,544,ANDHRA PRADESH,36,238,3069,1438,871,2309
10.0-20.0,OTHERS,EAST GODAVARI,545,ANDHRA PRADESH,36,404,5275,2879,1800,4679
10.0-20.0,OTHERS,WEST GODAVARI,546,ANDHRA PRADESH,36,636,7891,7347,787,8134
10.0-20.0,OTHERS,KRISHNA,547,ANDHRA PRADESH,36,580,7290,3022,3906,6928
10.0-20.0,OTHERS,GUNTUR,548,ANDHRA PRADESH,36,364,4635,2866,1231,4097
10.0-20.0,OTHERS,PRAKASAM,549,ANDHRA PRADESH,36,1846,23281,3407,11914,15321
10.0-20.0,OTHERS,NELLORE,550,ANDHRA PRADESH,36,1659,21300,7429,7304,14733
10.0-20.0,OTHERS,KADAPA,551,ANDHRA PRADESH,36,796,9816,1655,6153,7807
10.0-20.0,OTHERS,KURNOOL,552,ANDHRA PRADESH,36,3776,47700,9359,32683,42042
10.0-20.0,OTHERS,ANANTHAPUR,553,ANDHRA PRADESH,36,3835,50212,8899,33943,42843
10.0-20.0,OTHERS,CHITTOOR,554,ANDHRA PRADESH,36,890,11490,3016,3671,6686
10.0-20.0,SCHEDULED TRIBES,ADILABAD,532,TELANGANA,37,343,4396,150,2702,2852
10.0-20.0,SCHEDULED TRIBES,NIZAMABAD,533,TELANGANA,37,6,79,28,15,42
10.0-20.0,SCHEDULED TRIBES,KARIMNAGAR,534,TELANGANA,37,12,139,68,23,90
10.0-20.0,SCHEDULED TRIBES,MEDAK,535,TELANGANA,37,43,556,37,409,445
10.0-20.0,SCHEDULED TRIBES,RANGAREDDY,537,ANDHRA PRADESH,36,45,602,69,234,304
10.0-20.0,SCHEDULED TRIBES,MAHABUBNAGAR,538,TELANGANA,37,86,1155,126,465,592
10.0-20.0,SCHEDULED TRIBES,NALGONDA,539,TELANGANA,37,39,478,178,127,305
10.0-20.0,SCHEDULED TRIBES,WARANGAL,540,TELANGANA,37,169,2241,1257,526,1783
10.0-20.0,SCHEDULED TRIBES,KHAMMAM,541,TELANGANA,37,263,3407,514,1830,2344
10.0-20.0,SCHEDULED TRIBES,SRIKAKULAM,542,ANDHRA PRADESH,36,19,230,46,62,108
10.0-20.0,SCHEDULED TRIBES,VIZIANAGARAM,543,ANDHRA PRADESH,36,47,590,200,342,542
10.0-20.0,SCHEDULED TRIBES,VISAKHAPATNAM,544,ANDHRA PRADESH,36,740,9468,1296,4634,5930
10.0-20.0,SCHEDULED TRIBES,EAST GODAVARI,545,ANDHRA PRADESH,36,425,5364,609,1021,1631
10.0-20.0,SCHEDULED TRIBES,WEST GODAVARI,546,ANDHRA PRADESH,36,58,724,737,165,902
10.0-20.0,SCHEDULED TRIBES,KRISHNA,547,ANDHRA PRADESH,36,6,74,37,0,37
10.0-20.0,SCHEDULED TRIBES,GUNTUR,548,ANDHRA PRADESH,36,7,88,44,0,44
10.0-20.0,SCHEDULED TRIBES,PRAKASAM,549,ANDHRA PRADESH,36,3,40,13,0,13
10.0-20.0,SCHEDULED TRIBES,NELLORE,550,ANDHRA PRADESH,36,6,79,34,0,35
10.0-20.0,SCHEDULED TRIBES,KADAPA,551,ANDHRA PRADESH,36,5,57,5,23,29
10.0-20.0,SCHEDULED TRIBES,KURNOOL,552,ANDHRA PRADESH,36,18,209,26,107,133
10.0-20.0,SCHEDULED TRIBES,ANANTHAPUR,553,ANDHRA PRADESH,36,37,462,20,313,333
10.0-20.0,SCHEDULED TRIBES,CHITTOOR,554,ANDHRA PRADESH,36,3,33,6,19,25
10.0-20.0,ALL SOCIAL GROUPS,ADILABAD,532,TELANGANA,37,1780,22881,1953,15466,17419
10.0-20.0,ALL SOCIAL GROUPS,NIZAMABAD,533,TELANGANA,37,387,5004,2907,1565,4472
10.0-20.0,ALL SOCIAL GROUPS,KARIMNAGAR,534,TELANGANA,37,935,11931,6444,1700,8144
10.0-20.0,ALL SOCIAL GROUPS,MEDAK,535,TELANGANA,37,1569,20264,3754,10308,14062
10.0-20.0,ALL SOCIAL GROUPS,RANGAREDDY,537,ANDHRA PRADESH,36,1240,16209,2399,3511,5910
10.0-20.0,ALL SOCIAL GROUPS,MAHABUBNAGAR,538,TELANGANA,37,3201,41967,10183,19595,29778
10.0-20.0,ALL SOCIAL GROUPS,NALGONDA,539,TELANGANA,37,2007,25235,9747,7156,16903
10.0-20.0,ALL SOCIAL GROUPS,WARANGAL,540,TELANGANA,37,1507,19725,7001,6281,13282
10.0-20.0,ALL SOCIAL GROUPS,KHAMMAM,541,TELANGANA,37,1058,13559,4735,6976,11712
10.0-20.0,ALL SOCIAL GROUPS,SRIKAKULAM,542,ANDHRA PRADESH,36,345,4403,1972,2467,4439
10.0-20.0,ALL SOCIAL GROUPS,VIZIANAGARAM,543,ANDHRA PRADESH,36,504,6542,1801,3303,5104
10.0-20.0,ALL SOCIAL GROUPS,VISAKHAPATNAM,544,ANDHRA PRADESH,36,997,12802,2812,5579,8391
10.0-20.0,ALL SOCIAL GROUPS,EAST GODAVARI,545,ANDHRA PRADESH,36,886,11415,3927,2913,6839
10.0-20.0,ALL SOCIAL GROUPS,WEST GODAVARI,546,ANDHRA PRADESH,36,770,9612,8879,976,9855
10.0-20.0,ALL SOCIAL GROUPS,KRISHNA,547,ANDHRA PRADESH,36,611,7718,3201,4068,7269
10.0-20.0,ALL SOCIAL GROUPS,GUNTUR,548,ANDHRA PRADESH,36,501,6493,3598,1650,5249
10.0-20.0,ALL SOCIAL GROUPS,PRAKASAM,549,ANDHRA PRADESH,36,1904,24010,3482,12147,15629
10.0-20.0,ALL SOCIAL GROUPS,NELLORE,550,ANDHRA PRADESH,36,1767,22856,8127,7605,15732
10.0-20.0,ALL SOCIAL GROUPS,KADAPA,551,ANDHRA PRADESH,36,823,10144,1710,6346,8057
10.0-20.0,ALL SOCIAL GROUPS,KURNOOL,552,ANDHRA PRADESH,36,3853,48661,9525,33139,42664
10.0-20.0,ALL SOCIAL GROUPS,ANANTHAPUR,553,ANDHRA PRADESH,36,4002,52450,8983,35569,44552
10.0-20.0,ALL SOCIAL GROUPS,CHITTOOR,554,ANDHRA PRADESH,36,921,11917,3126,3827,6953
7.5-10.0,INSTITUTIONAL,ADILABAD,532,TELANGANA,37,2,19,5,4,9
7.5-10.0,INSTITUTIONAL,NIZAMABAD,533,TELANGANA,37,2,18,10,5,15
7.5-10.0,INSTITUTIONAL,KARIMNAGAR,534,TELANGANA,37,1,9,0,0,0
7.5-10.0,INSTITUTIONAL,MEDAK,535,TELANGANA,37,10,84,11,23,34
7.5-10.0,INSTITUTIONAL,RANGAREDDY,537,ANDHRA PRADESH,36,9,74,24,13,37
7.5-10.0,INSTITUTIONAL,MAHABUBNAGAR,538,TELANGANA,37,0,0,0,0,0
7.5-10.0,INSTITUTIONAL,NALGONDA,539,TELANGANA,37,9,80,39,18,57
7.5-10.0,INSTITUTIONAL,WARANGAL,540,TELANGANA,37,0,0,0,0,0
7.5-10.0,INSTITUTIONAL,KHAMMAM,541,TELANGANA,37,12,108,44,29,73
7.5-10.0,INSTITUTIONAL,SRIKAKULAM,542,ANDHRA PRADESH,36,37,313,153,120,273
7.5-10.0,INSTITUTIONAL,VIZIANAGARAM,543,ANDHRA PRADESH,36,15,131,27,71,98
7.5-10.0,INSTITUTIONAL,VISAKHAPATNAM,544,ANDHRA PRADESH,36,10,87,26,35,61
7.5-10.0,INSTITUTIONAL,EAST GODAVARI,545,ANDHRA PRADESH,36,31,256,209,41,249
7.5-10.0,INSTITUTIONAL,WEST GODAVARI,546,ANDHRA PRADESH,36,37,324,261,4,265
7.5-10.0,INSTITUTIONAL,KRISHNA,547,ANDHRA PRADESH,36,2,17,8,5,13
7.5-10.0,INSTITUTIONAL,GUNTUR,548,ANDHRA PRADESH,36,79,690,287,237,523
7.5-10.0,INSTITUTIONAL,PRAKASAM,549,ANDHRA PRADESH,36,13,116,28,21,49
7.5-10.0,INSTITUTIONAL,NELLORE,550,ANDHRA PRADESH,36,30,263,128,22,149
7.5-10.0,INSTITUTIONAL,KADAPA,551,ANDHRA PRADESH,36,0,0,0,0,0
7.5-10.0,INSTITUTIONAL,KURNOOL,552,ANDHRA PRADESH,36,6,53,25,12,37
7.5-10.0,INSTITUTIONAL,ANANTHAPUR,553,ANDHRA PRADESH,36,72,627,36,441,477
7.5-10.0,INSTITUTIONAL,CHITTOOR,554,ANDHRA PRADESH,36,3,29,0,11,11
7.5-10.0,SCHEDULED CASTE,ADILABAD,532,TELANGANA,37,231,1967,67,1460,1528
7.5-10.0,SCHEDULED CASTE,NIZAMABAD,533,TELANGANA,37,18,153,47,20,68
7.5-10.0,SCHEDULED CASTE,KARIMNAGAR,534,TELANGANA,37,37,311,101,87,188
7.5-10.0,SCHEDULED CASTE,MEDAK,535,TELANGANA,37,65,554,49,296,345
7.5-10.0,SCHEDULED CASTE,RANGAREDDY,537,ANDHRA PRADESH,36,53,454,54,172,226
7.5-10.0,SCHEDULED CASTE,MAHABUBNAGAR,538,TELANGANA,37,202,1717,230,882,1112
7.5-10.0,SCHEDULED CASTE,NALGONDA,539,TELANGANA,37,64,542,130,164,294
7.5-10.0,SCHEDULED CASTE,WARANGAL,540,TELANGANA,37,132,1128,428,421,848
7.5-10.0,SCHEDULED CASTE,KHAMMAM,541,TELANGANA,37,43,366,120,145,265
7.5-10.0,SCHEDULED CASTE,SRIKAKULAM,542,ANDHRA PRADESH,36,2,18,9,0,9
7.5-10.0,SCHEDULED CASTE,VIZIANAGARAM,543,ANDHRA PRADESH,36,15,129,52,24,76
7.5-10.0,SCHEDULED CASTE,VISAKHAPATNAM,544,ANDHRA PRADESH,36,6,54,27,5,32
7.5-10.0,SCHEDULED CASTE,EAST GODAVARI,545,ANDHRA PRADESH,36,18,155,49,24,73
7.5-10.0,SCHEDULED CASTE,WEST GODAVARI,546,ANDHRA PRADESH,36,26,217,261,0,261
7.5-10.0,SCHEDULED CASTE,KRISHNA,547,ANDHRA PRADESH,36,28,240,109,63,171
7.5-10.0,SCHEDULED CASTE,GUNTUR,548,ANDHRA PRADESH,36,48,409,213,17,230
7.5-10.0,SCHEDULED CASTE,PRAKASAM,549,ANDHRA PRADESH,36,52,434,57,171,228
7.5-10.0,SCHEDULED CASTE,NELLORE,550,ANDHRA PRADESH,36,43,364,164,72,236
7.5-10.0,SCHEDULED CASTE,KADAPA,551,ANDHRA PRADESH,36,11,95,10,36,46
7.5-10.0,SCHEDULED CASTE,KURNOOL,552,ANDHRA PRADESH,36,157,1329,191,737,928
7.5-10.0,SCHEDULED CASTE,ANANTHAPUR,553,ANDHRA PRADESH,36,88,755,53,398,451
7.5-10.0,SCHEDULED CASTE,CHITTOOR,554,ANDHRA PRADESH,36,19,164,51,53,104
7.5-10.0,OTHERS,ADILABAD,532,TELANGANA,37,1893,16157,1967,11979,13946
7.5-10.0,OTHERS,NIZAMABAD,533,TELANGANA,37,591,5048,3389,1982,5371
7.5-10.0,OTHERS,KARIMNAGAR,534,TELANGANA,37,1386,11798,6988,1476,8464
7.5-10.0,OTHERS,MEDAK,535,TELANGANA,37,2020,17260,3874,8882,12755
7.5-10.0,OTHERS,RANGAREDDY,537,ANDHRA PRADESH,36,1436,12257,1759,3532,5291
7.5-10.0,OTHERS,MAHABUBNAGAR,538,TELANGANA,37,4569,39154,10427,19185,29612
7.5-10.0,OTHERS,NALGONDA,539,TELANGANA,37,3081,26268,11100,7054,18154
7.5-10.0,OTHERS,WARANGAL,540,TELANGANA,37,1903,16164,6192,5478,11670
7.5-10.0,OTHERS,KHAMMAM,541,TELANGANA,37,1269,10914,5891,4684,10574
7.5-10.0,OTHERS,SRIKAKULAM,542,ANDHRA PRADESH,36,446,3750,2119,1939,4057
7.5-10.0,OTHERS,VIZIANAGARAM,543,ANDHRA PRADESH,36,733,6262,1883,3072,4954
7.5-10.0,OTHERS,VISAKHAPATNAM,544,ANDHRA PRADESH,36,375,3155,1617,790,2406
7.5-10.0,OTHERS,EAST GODAVARI,545,ANDHRA PRADESH,36,656,5580,3089,2007,5095
7.5-10.0,OTHERS,WEST GODAVARI,546,ANDHRA PRADESH,36,1093,9306,8952,714,9666
7.5-10.0,OTHERS,KRISHNA,547,ANDHRA PRADESH,36,1194,10108,5508,5554,11062
7.5-10.0,OTHERS,GUNTUR,548,ANDHRA PRADESH,36,1054,8916,4654,2490,7144
7.5-10.0,OTHERS,PRAKASAM,549,ANDHRA PRADESH,36,3144,26879,4635,14188,18823
7.5-10.0,OTHERS,NELLORE,550,ANDHRA PRADESH,36,2063,17566,8528,5879,14406
7.5-10.0,OTHERS,KADAPA,551,ANDHRA PRADESH,36,1169,9938,1838,6641,8478
7.5-10.0,OTHERS,KURNOOL,552,ANDHRA PRADESH,36,5997,51264,9569,36198,45767
7.5-10.0,OTHERS,ANANTHAPUR,553,ANDHRA PRADESH,36,5571,47707,8645,33053,41698
7.5-10.0,OTHERS,CHITTOOR,554,ANDHRA PRADESH,36,1352,11506,3249,4162,7411
7.5-10.0,SCHEDULED TRIBES,ADILABAD,532,TELANGANA,37,621,5271,94,3635,3729
7.5-10.0,SCHEDULED TRIBES,NIZAMABAD,533,TELANGANA,37,10,88,27,26,53
7.5-10.0,SCHEDULED TRIBES,KARIMNAGAR,534,TELANGANA,37,14,116,86,13,99
7.5-10.0,SCHEDULED TRIBES,MEDAK,535,TELANGANA,37,56,476,30,312,342
7.5-10.0,SCHEDULED TRIBES,RANGAREDDY,537,ANDHRA PRADESH,36,42,356,57,109,167
7.5-10.0,SCHEDULED TRIBES,MAHABUBNAGAR,538,TELANGANA,37,176,1488,193,672,865
7.5-10.0,SCHEDULED TRIBES,NALGONDA,539,TELANGANA,37,128,1079,217,232,448
7.5-10.0,SCHEDULED TRIBES,WARANGAL,540,TELANGANA,37,298,2536,1316,608,1924
7.5-10.0,SCHEDULED TRIBES,KHAMMAM,541,TELANGANA,37,399,3397,572,2236,2808
7.5-10.0,SCHEDULED TRIBES,SRIKAKULAM,542,ANDHRA PRADESH,36,26,222,62,83,145
7.5-10.0,SCHEDULED TRIBES,VIZIANAGARAM,543,ANDHRA PRADESH,36,90,749,140,532,672
7.5-10.0,SCHEDULED TRIBES,VISAKHAPATNAM,544,ANDHRA PRADESH,36,1109,9464,1715,4974,6689
7.5-10.0,SCHEDULED TRIBES,EAST GODAVARI,545,ANDHRA PRADESH,36,600,5120,555,1190,1745
7.5-10.0,SCHEDULED TRIBES,WEST GODAVARI,546,ANDHRA PRADESH,36,75,641,456,138,594
7.5-10.0,SCHEDULED TRIBES,KRISHNA,547,ANDHRA PRADESH,36,8,64,16,15,32
7.5-10.0,SCHEDULED TRIBES,GUNTUR,548,ANDHRA PRADESH,36,21,172,91,12,103
7.5-10.0,SCHEDULED TRIBES,PRAKASAM,549,ANDHRA PRADESH,36,13,116,18,60,78
7.5-10.0,SCHEDULED TRIBES,NELLORE,550,ANDHRA PRADESH,36,12,101,33,44,77
7.5-10.0,SCHEDULED TRIBES,KADAPA,551,ANDHRA PRADESH,36,3,24,5,11,16
7.5-10.0,SCHEDULED TRIBES,KURNOOL,552,ANDHRA PRADESH,36,58,501,32,295,327
7.5-10.0,SCHEDULED TRIBES,ANANTHAPUR,553,ANDHRA PRADESH,36,56,475,10,294,304
7.5-10.0,SCHEDULED TRIBES,CHITTOOR,554,ANDHRA PRADESH,36,3,25,0,13,13
7.5-10.0,ALL SOCIAL GROUPS,ADILABAD,532,TELANGANA,37,2747,23413,2134,17079,19212
7.5-10.0,ALL SOCIAL GROUPS,NIZAMABAD,533,TELANGANA,37,621,5307,3473,2034,5507
7.5-10.0,ALL SOCIAL GROUPS,KARIMNAGAR,534,TELANGANA,37,1438,12233,7176,1576,8751
7.5-10.0,ALL SOCIAL GROUPS,MEDAK,535,TELANGANA,37,2151,18374,3962,9514,13476
7.5-10.0,ALL SOCIAL GROUPS,RANGAREDDY,537,ANDHRA PRADESH,36,1540,13141,1894,3826,5720
7.5-10.0,ALL SOCIAL GROUPS,MAHABUBNAGAR,538,TELANGANA,37,4947,42358,10850,20740,31589
7.5-10.0,ALL SOCIAL GROUPS,NALGONDA,539,TELANGANA,37,3282,27970,11485,7468,18953
7.5-10.0,ALL SOCIAL GROUPS,WARANGAL,540,TELANGANA,37,2333,19828,7936,6507,14443
7.5-10.0,ALL SOCIAL GROUPS,KHAMMAM,541,TELANGANA,37,1723,14784,6627,7094,13720
7.5-10.0,ALL SOCIAL GROUPS,SRIKAKULAM,542,ANDHRA PRADESH,36,511,4304,2343,2141,4484
7.5-10.0,ALL SOCIAL GROUPS,VIZIANAGARAM,543,ANDHRA PRADESH,36,853,7271,2102,3699,5801
7.5-10.0,ALL SOCIAL GROUPS,VISAKHAPATNAM,544,ANDHRA PRADESH,36,1500,12761,3384,5804,9188
7.5-10.0,ALL SOCIAL GROUPS,EAST GODAVARI,545,ANDHRA PRADESH,36,1305,11112,3900,3262,7162
7.5-10.0,ALL SOCIAL GROUPS,WEST GODAVARI,546,ANDHRA PRADESH,36,1231,10488,9930,856,10786
7.5-10.0,ALL SOCIAL GROUPS,KRISHNA,547,ANDHRA PRADESH,36,1232,10429,5642,5637,11278
7.5-10.0,ALL SOCIAL GROUPS,GUNTUR,548,ANDHRA PRADESH,36,1202,10188,5245,2755,8000
7.5-10.0,ALL SOCIAL GROUPS,PRAKASAM,549,ANDHRA PRADESH,36,3222,27546,4737,14440,19177
7.5-10.0,ALL SOCIAL GROUPS,NELLORE,550,ANDHRA PRADESH,36,2148,18295,8852,6017,14869
7.5-10.0,ALL SOCIAL GROUPS,KADAPA,551,ANDHRA PRADESH,36,1183,10057,1853,6688,8541
7.5-10.0,ALL SOCIAL GROUPS,KURNOOL,552,ANDHRA PRADESH,36,6218,53147,9817,37242,47059
7.5-10.0,ALL SOCIAL GROUPS,ANANTHAPUR,553,ANDHRA PRADESH,36,5787,49565,8744,34187,42930
7.5-10.0,ALL SOCIAL GROUPS,CHITTOOR,554,ANDHRA PRADESH,36,1377,11723,3300,4238,7538
